Nom Magasin,Visiteurs,Sessions,Taux de rebond,Commandes
Aux Docks de Clamart - Clamart - E-commerce,58074,71648,0.4479957570343904,79
Sefor - Houilles - E-commerce,31772,44195,0.3389976241656296,73
Boulard Verdier - Clermont-Ferrand - E-commerce,21832,34887,0.23048700088858315,69
Cazorro Matériaux - Portet-sur-Garonne - E-commerce,21114,28046,0.3656849461598802,35
Lesimple - Les Sorinières - E-commerce,20504,28589,0.3306166707474903,55
Labenne Rougier - Pessac - E-commerce,15556,20164,0.364114263043047,16
Derrey - Laneuveville-devant-Nancy - E-commerce,12386,17086,0.3402200632096453,19
Bruhy Vacherand - Saint-Quentin - E-commerce,11493,17487,0.17327157316863956,25
Matériaux Normands - Bosgouet - E-commerce,11300,15967,0.29654913258595855,21
Imbert - Fourmies - E-commerce,10789,20942,0.23574634705376754,48
Labenne Rougier - Villenave-dOrnon - E-commerce,10756,18194,0.21325711773112016,0
Matériaux Normands - Totes - E-commerce,10006,16820,0.1826397146254459,28
Favre dAnne - Détrier - E-commerce,9661,14153,0.35469511764290257,0
Matériaux Picards - Villers-Bretonneux - E-commerce,9604,13843,0.2438055334826266,16
Matériaux Normands - Sainte-Marie-des-Champs - E-commerce,9331,13766,0.24473340113322678,26
Millancourt et Nicolas - Eu - E-commerce,9112,17068,0.1501054605108976,14
Trichet - Hirson - E-commerce,8992,17521,0.21362935905484848,28
Raynal - Riom - E-commerce,8897,16803,0.19175147295125872,41
Dumeil - Issoire - E-commerce,8589,16087,0.18033194504879715,22
Castelli - Porto Vecchio - E-commerce,8405,15614,0.2072499039323684,27
Charroin - Brignais - E-commerce,7821,10582,0.23634473634473635,38
Favre dAnne - Thônes - E-commerce,7795,13538,0.27936179642487813,0
Dufrançais - Thiers - E-commerce,7408,13422,0.18588883921919236,24
Bracq - Cambrai - E-commerce,7119,10686,0.15618566348493357,0
Favre dAnne - Faverges - E-commerce,6950,12135,0.25603625875566544,0
Farel Clavel - Avignon - E-commerce,6874,9296,0.25688468158347677,11
Lesimple - Treillières - E-commerce,6873,9926,0.2070320370743502,28
Granville Matériaux - Saint-Pair-sur-Mer - E-commerce,6544,9813,0.24457352491592785,17
Matériaux Picards - Montdidier - E-commerce,6530,12370,0.16790622473726757,22
Labenne Rougier - Tresses - E-commerce,6389,9340,0.2568522483940043,12
Boulard Verdier - La Roche-Blanche - E-commerce,5798,10405,0.1821239788563191,20
Mudry Lombard - Margencel - E-commerce,5620,9144,0.1624015748031496,21
Millancourt et Nicolas - Neufchâtel-en-Bray - E-commerce,5611,10874,0.1736251609343388,22
Jacq - Quimper - E-commerce,5577,7688,0.2571540062434964,14
François Matériaux - Bessières - E-commerce,5546,7561,0.30670546224044437,9
Boulard Verdier - Pérignat-sur-Allier - E-commerce,5198,7586,0.27155286053256,5
Durruty Matériaux -  Saint-Paul-lès-Dax - E-commerce,5153,7404,0.21204754186925986,19
Lesimple - Corcoué-sur-Logne - E-commerce,5111,7342,0.2818033233451376,16
Dufrançais - Billom - E-commerce,5095,8988,0.18057409879839786,9
Labenne Rougier - Avensan - E-commerce,5007,8512,0.20982142857142858,17
Labenne Rougier - Vendays-Montalivet - E-commerce,4992,9177,0.2203334423014057,25
Farel Clavel - Carpentras - E-commerce,4972,7825,0.1840255591054313,5
Lesimple - Blain - E-commerce,4944,7014,0.23339036213287712,21
Gabriel - Grenay - E-commerce,4936,7432,0.301264800861141,16
Jacq - Châteauneuf-du-Faou - E-commerce,4873,7584,0.24736286919831224,14
Feignies - Feignies - E-commerce,4814,8434,0.17939293336495138,17
Derrey - Épinal - E-commerce,4783,8213,0.2061366126872032,21
Millancourt et Nicolas - Friville-Escarbotin - E-commerce,4720,8411,0.1537272619189157,5
Millancourt et Nicolas - Oisemont - E-commerce,4670,8346,0.15827941528876108,8
Favre dAnne - Frontenex - E-commerce,4626,7249,0.26996827148572217,0
Labenne Rougier - Pugnac - E-commerce,4550,7978,0.2524442216094259,25
Dumeil - Brioude - E-commerce,4472,8844,0.1622568973315242,14
Durruty Matériaux - Bayonne - E-commerce,4359,6021,0.28417206444112275,13
Delmonico Dorel - Pierrelatte - E-commerce,4300,7229,0.17775625951030571,22
Brunel - Lunel - E-commerce,4272,5998,0.2335778592864288,13
Pagani Distribution - Oyonnax - E-commerce,4112,7237,0.16913085532679287,20
Lesimple - Gétigné - E-commerce,4109,6083,0.19217491369390102,23
Borgo Matériaux - Borgo - E-commerce,4026,6156,0.21621182586094867,11
Unibois - Lure - E-commerce,4022,6293,0.20117590974098204,8
François Matériaux - Villefranche-de-Rouergue - E-commerce,3918,6546,0.1912618392911702,10
Millancourt et Nicolas - Gamaches - E-commerce,3830,7208,0.15288568257491675,6
Labenne Rougier - Lège - E-commerce,3807,6388,0.23262366938008766,19
Derrey - Sainte-Marguerite - E-commerce,3750,6848,0.1953855140186916,11
Charbonnier - Charolles - E-commerce,3701,6259,0.17878255312350216,3
François Matériaux - La Primaube - E-commerce,3699,6430,0.17511664074650077,7
Cazorro Matériaux - Auterive - E-commerce,3695,5519,0.2013045841637978,14
Lesimple - Pouzauges - E-commerce,3647,5206,0.20072992700729927,10
Moreau Matériaux - Saint-Maurice-les-Brousses - E-commerce,3538,4335,0.46089965397923877,0
Labenne Rougier - Parentis-en-Born - E-commerce,3496,5989,0.24027383536483554,14
Farel Clavel - LIsle-sur-la-Sorgue - E-commerce,3472,4790,0.24425887265135698,0
François Matériaux - Millau - E-commerce,3388,5884,0.20581237253569,7
GCCO - Autun - E-commerce,3351,5270,0.17590132827324478,10
Joly - Pierre-de-Bresse - E-commerce,3241,4637,0.2594349795126159,8
Labenne Rougier - Langon - E-commerce,3230,5052,0.24841646872525733,5
Labenne Rougier - Fronsac - E-commerce,3224,4598,0.30078294910830794,6
François Matériaux - Figeac - E-commerce,3221,4974,0.19400884599919582,5
Labenne Rougier - Lacanau - E-commerce,3220,5352,0.21150971599402094,15
Farel Clavel - Uzes - E-commerce,3216,5735,0.1907585004359198,13
Derrey - Pulnoy - E-commerce,3207,4854,0.24474660074165636,21
Cazorro Matériaux - Carbonne - E-commerce,3201,4926,0.1776289078359724,14
Labenne Rougier - La Teste-de-Buch - E-commerce,3117,4191,0.2944404676688141,4
Dumeil - Brassac-les-Mines - E-commerce,2971,5888,0.1793478260869565,8
Labenne Rougier - Saint-Julien-en-Born - E-commerce,2958,5120,0.2341796875,17
Matériaux Picards - Nesle - E-commerce,2944,5030,0.1709741550695825,8
François Matériaux - Marssac-sur-Tarn - E-commerce,2788,3740,0.3245989304812834,4
Labenne Rougier - Arbanats - E-commerce,2703,4275,0.2392982456140351,7
Charbonnier - Chauffailles - E-commerce,2688,4927,0.15100466815506394,13
Labenne Rougier - Pauillac - E-commerce,2673,4509,0.2350853847859836,6
Derrey - Longeville-en-Barrois - E-commerce,2669,5077,0.17037620642111484,16
Aux docks de Clamart - Clamart - E-commerce,2653,3902,0.12506406970784215,24
Labenne Rougier - Fauillet - E-commerce,2645,4630,0.24038876889848812,9
Bruant - Rue - E-commerce,2642,4225,0.24378698224852072,3
François Matériaux - Couffouleux - E-commerce,2571,4153,0.2145437033469781,7
François Matériaux - Gaillac - E-commerce,2538,3661,0.23408904670854958,5
Farel Clavel - Remoulins - E-commerce,2523,4163,0.18736488109536392,4
Avesnes - Avesnelles - E-commerce,2496,4369,0.16525520714122224,5
Boulard Verdier - Gerzat - E-commerce,2480,3532,0.18176670441676104,2
Labenne Rougier - Coutras - E-commerce,2480,3863,0.21460005177323324,16
Labenne Rougier - Léon - E-commerce,2464,4389,0.2128047391205286,8
Derrey - Étival-Clairefontaine - E-commerce,2305,4546,0.17883853937527497,14
Millancourt et Nicolas - Morvillers-Saint-Saturnin - E-commerce,2254,4463,0.14721039659421914,5
Labenne Rougier - Aiguillon - E-commerce,2199,3294,0.25561627200971465,11
François Matériaux - Aubin - E-commerce,2194,4223,0.1636277527823822,7
Flamary - Argentat-sur-Dordogne - E-commerce,2134,3794,0.14918292040063258,4
Favre dAnne - Flumet - E-commerce,2037,3161,0.32458082885162926,0
Durruty Matériaux - Bénesse-Maremne - E-commerce,2023,2957,0.2434900236726412,9
Farel Clavel - Rochefort-du-Gard - E-commerce,1983,2696,0.19065281899109793,2
Durruty Matériaux - Larressore - E-commerce,1967,2847,0.22901299613628381,8
Derrey - Lunéville - E-commerce,1910,3469,0.200634188526953,12
Jacq - Callac - E-commerce,1895,2374,0.36562763268744736,4
Labenne Rougier - La Réole - E-commerce,1877,3119,0.19333119589612055,8
Maraj - Sainte-Marie (La Mare) - E-commerce,1843,2639,0.18378173550587343,0
Labenne Rougier - Lacanau (Bâti) - E-commerce,1837,2852,0.21213183730715288,0
Labenne Rougier - Duras - E-commerce,1832,3285,0.2365296803652968,3
Balagne Matériaux - Calvi - E-commerce,1816,2925,0.15726495726495726,11
Labenne Rougier - Miramont-de-Guyenne - E-commerce,1762,3096,0.20478036175710596,8
Balagne Matériaux - LÎle-Rousse - E-commerce,1750,2777,0.14800144040331292,0
Sundgau Matériaux - Bréchaumont - E-commerce,1705,2197,0.4920345926263086,0
Derrey - Bruyères - E-commerce,1695,2995,0.1696160267111853,4
Derrey - Rambervillers - E-commerce,1681,3033,0.15364325750082428,7
François Matériaux - Saint-Flour - E-commerce,1667,2829,0.16012725344644752,5
Charbonnier - Baudemont - E-commerce,1651,2877,0.14042405283281195,4
François Matériaux - Saint-Benoît-de-Carmaux - E-commerce,1618,2662,0.17618332081142,3
Vialleix Brico - Bort-les-Orgues - E-commerce,1615,2505,0.1277445109780439,2
Boulard Verdier - Pontgibaud - E-commerce,1602,2913,0.18503261242705116,12
François Matériaux - Saint-Chély-dApcher - E-commerce,1600,2578,0.2117920868890613,0
Derrey - Poussay - E-commerce,1457,2587,0.17046772323154233,2
François Matériaux - Espalion - E-commerce,1416,2430,0.1506172839506173,1
Durruty Matériaux - Messanges - E-commerce,1392,2318,0.15746333045729077,1
Jacq - Pont-lAbbé - E-commerce,1392,2050,0.2151219512195122,0
Henrio - Mellac - E-commerce,1362,2145,0.2125874125874126,0
Socramat - Craon - E-commerce,1242,1777,0.33989870568373665,1
Joly - Sagy - E-commerce,1218,1916,0.18423799582463465,4
Stoker - Dijon - E-commerce,1128,1360,0.45588235294117646,0
Pérignat-sur-Allier - Pontgibaud - E-commerce,1121,2065,0.17336561743341405,4
GCCO - Luzy - E-commerce,1069,1754,0.1459521094640821,4
Socramat - La Guerche-de-Bretagne - E-commerce,1031,1476,0.3509485094850949,0
Conil - Peyruis - E-commerce,1009,1489,0.35862995298858297,1
MCF - Yzeure - E-commerce,1009,1475,0.29627118644067796,1
Derrey - Vézelise - E-commerce,1001,1598,0.21026282853566958,4
Labenne Rougier - Agen - E-commerce,974,1239,0.13640032284100082,2
Henrio - Plouay - E-commerce,965,1359,0.24503311258278146,3
Farel Clavel - Mazan - E-commerce,950,1455,0.20756013745704469,0
François Matériaux - Baraqueville - E-commerce,889,1395,0.2057347670250896,1
Balagne Matériaux - Corte - E-commerce,884,1342,0.1825633383010432,8
Sonovam - Peypin - E-commerce,850,1023,0.47996089931573804,1
Sahores - Orthez - E-commerce,829,1053,0.3855650522317189,0
Mathieu - Audun-le-Roman - E-commerce,828,1090,0.3559633027522936,1
Suhas Matériaux - Peyrehorade - E-commerce,812,1255,0.35856573705179284,0
Derrey - Luneville - E-commerce,754,1281,0.13114754098360656,0
Labenne Rougier - La Teste-de-Buch (Bâti) - E-commerce,725,1034,0.24274661508704062,0
Boromat - Ambert - E-commerce,685,997,0.3229689067201605,1
MCF - Domérat - E-commerce,679,1043,0.26558005752636626,3
Lauzin - Valence dAgen - E-commerce,675,826,0.4406779661016949,0
Maisonnier - Bouresse - E-commerce,590,734,0.3991825613079019,0
Datas - Seissan - E-commerce,536,713,0.4109396914446003,0
Broulard Matériaux - Sourzac - E-commerce,518,627,0.44019138755980863,0
Provibat - Riorges - E-commerce,502,687,0.37700145560407566,0
Jacq - Bannalec - E-commerce,476,801,0.19101123595505617,0
Balagne Matériaux - Morosaglia - E-commerce,471,717,0.13668061366806136,4
Vilvert - Montrond-les-bains - E-commerce,442,568,0.49471830985915494,0
Vilvert - Montbrison - E-commerce,441,578,0.39792387543252594,0
JT Matériaux - Marault - E-commerce,362,530,0.33773584905660375,1
MCF - Bourbon-Lancy - E-commerce,361,569,0.2583479789103691,3
Rolampont - Rolampont - E-commerce,350,524,0.2862595419847328,0
Moreau Matériaux - Châlus - E-commerce,342,719,0.2670375521557719,0
Stoker - Ménétreux-le-Pitois - E-commerce,277,357,0.38375350140056025,0
MCF - Lapalisse - E-commerce,276,476,0.2542016806722689,1
Maury - Saint-Médard-dExcideuil - E-commerce,258,373,0.34316353887399464,0
MCF - Dompierre-sur-Besbre - E-commerce,244,415,0.15903614457831325,0
MCF - Varennes-sur-Allier - E-commerce,241,372,0.23387096774193547,1
Legrand - Mondoubleau - E-commerce,237,300,0.43333333333333335,0
Maisonnier - LIsle-Jourdain - E-commerce,237,318,0.4088050314465409,0
Vilvert - Sainte-Foy-lArgentière - E-commerce,218,259,0.4864864864864865,0
Vibraye Matériaux - Vibraye - E-commerce,188,235,0.3446808510638298,0
Bouchard - Lombez - E-commerce,162,227,0.2643171806167401,0
MCF - Cosne-dAllier - E-commerce,145,195,0.26153846153846155,0
Provibat - Charlieu - E-commerce,115,158,0.3987341772151899,0
Boromat - Saint-Clément-de-Valorgue - E-commerce,110,176,0.23863636363636365,0
Laboisssière - Blois - E-commerce,99,110,0.07272727272727272,0
Moreau Matériaux - Chalus - E-commerce,89,158,0.18354430379746836,1
Stoker - Pouilly-en-Auxois - E-commerce,73,112,0.16071428571428573,0
Matériaux de Maintenon - Maintenon - E-commerce,58,71,0.43661971830985913,0
Terral - Lacaune - E-commerce,56,66,0.4090909090909091,0
Labenne Rougier - Villenave-d&#039;Ornon - E-commerce,42,43,0.0,45
Brochard - Belleville-sur-Loire - E-commerce,37,64,0.296875,0
Favre d&#039;Anne - Faverges - E-commerce,27,29,0.0,31
Favre d&#039;Anne - Thônes - E-commerce,24,25,0.0,25
Favre d&#039;Anne - Détrier - E-commerce,18,18,0.0,18
MCF (New) - Yzeure - E-commerce,18,42,0.047619047619047616,0
Favre d&#039;Anne - Frontenex - E-commerce,15,15,0.0,16
Bruant (New) - Rue (New) - E-commerce,14,72,0.09722222222222222,5
Bonnefoy Pascal - Costaros - E-commerce,12,21,0.38095238095238093,0
Balagne Matériaux - L&#039;Île-Rousse - E-commerce,9,9,0.0,10
Bonnefoy Pascal - Saint-André-Capcèze - E-commerce,9,20,0.55,0
Bonnefoy Pascal - Coucouron - E-commerce,8,10,0.2,0
Jacq - Pont-l&#039;Abbé - E-commerce,8,8,0.0,8
Bonnefoy Pascal - Langogne - E-commerce,7,15,0.2,0
Bruant (New) - Rue - E-commerce,7,34,0.08823529411764706,5
Datas (New) - Seissan - E-commerce,6,15,0.0,0
MCF (New) - Bourbon-Lancy - E-commerce,6,15,0.0,1
MCF (New) - Lapalisse - E-commerce,6,7,0.2857142857142857,0
Bonnefoy Pascal - Grandrieu - E-commerce,5,9,0.4444444444444444,0
Favre d&#039;Anne - Flumet - E-commerce,5,5,0.0,5
Henrio (New) - Mellac - E-commerce,5,5,0.0,0
Sundgau Matériaux (New) - Bréchaumont - E-commerce,5,8,0.125,0
Broulard Matériaux (New) - Sourzac - E-commerce,4,5,0.2,0
MCF (New) - Dompierre-sur-Besbre - E-commerce,4,4,0.0,0
Boromat (New) - Ambert - E-commerce,3,6,0.0,0
Delmonico Dorel (New) - Saint-Vallier (New) - E-commerce,3,4,0.0,0
François Matériaux - Saint-Chély-d&#039;Apcher - E-commerce,3,3,0.0,3
MCF (New) - Cosne-dAllier - E-commerce,3,4,0.0,0
MCF (New) - Domérat - E-commerce,3,6,0.0,0
Moreau Matériaux (New) - Chalus - E-commerce,3,3,0.0,0
Bonnefoy Pascal (New) - Costaros - E-commerce,2,2,0.0,0
Bouchard (New) - Lombez - E-commerce,2,4,0.0,0
Delmonico Dorel (New) - Montélimar (New) - E-commerce,2,2,0.0,0
Lauzin - Valence d&#039;Agen - E-commerce,2,2,0.0,3
MCF (New) - Varennes-sur-Allier - E-commerce,2,2,0.0,0
Mathieu (New) - Audun-le-Roman - E-commerce,2,3,0.0,0
Matériaux de Maintenon (New) - Maintenon - E-commerce,2,2,0.0,0
Moreau Matériaux (New) - Saint-Maurice-les-Brousses - E-commerce,2,2,0.0,0
Provibat (New) - Charlieu - E-commerce,2,2,0.0,0
Weiss (New) - Wasselonne - E-commerce,2,2,0.0,0
Bonnefoy Pascal (New) - Coucouron - E-commerce,1,1,0.0,0
Bonnefoy Pascal (New) - Grandrieu - E-commerce,1,1,0.0,0
Boromat (New) - Saint-Clément-de-Valorgue - E-commerce,1,3,0.0,0
Brochard (New) - Belleville-sur-Loire - E-commerce,1,1,0.0,0
Brochard (New) - Cosne-Cours-sur-Loire - E-commerce,1,1,0.0,0
Brochard (New) - Vierzon - E-commerce,1,1,0.0,0
CERAMIC STORE - Clermont-Ferrand - E-commerce,1,1,0.0,0
Conil (New) - Peyruis - E-commerce,1,1,0.0,0
DELMONICO DOREL NEGOCE (New) - MONTELIMAR - E-commerce,1,1,1.0,0
DELMONICO DOREL NEGOCE (New) - Montélimar (New) - E-commerce,1,1,0.0,0
DELMONICO DOREL NEGOCE (New) - Saint-Vallier (New) - E-commerce,1,4,0.25,0
E-commerce catalogues - Levallois-Perret,1,1,0.0,0
FAURE (New) - VILLEURBANNE - E-commerce,1,1,0.0,0
Farel Clavel - L&#039;Isle-sur-la-Sorgue - E-commerce,1,1,0.0,1
Henrio (New) - Plouay - E-commerce,1,1,0.0,0
Henrio PPI (New) - Lanester - E-commerce,1,1,0.0,0
JT Matériaux (New) - Marault - E-commerce,1,2,0.0,0
Lauzin (New) - Valence dAgen - E-commerce,1,1,0.0,0
Legrand (New) - Mondoubleau - E-commerce,1,1,0.0,0
MCF (New) - Domerat - E-commerce,1,1,0.0,0
Maisonnier (New) - Bouresse - E-commerce,1,1,0.0,0
Maisonnier (New) - LIsle-Jourdain - E-commerce,1,1,0.0,0
Maury (New) - Saint-Médard-dExcideuil - E-commerce,1,1,0.0,0
Provibat (New) - Riorges - E-commerce,1,1,0.0,0
Sahores (New) - Orthez - E-commerce,1,2,0.0,0
Socramat (New) - Craon - E-commerce,1,2,0.0,0
Sonovam (New) - Peypin - E-commerce,1,1,0.0,0
Stoker (New) - Dijon - E-commerce,1,1,0.0,0
Stoker (New) - Ménétreux-le-Pitois - E-commerce,1,1,0.0,0
Stoker (New) - Pouilly-en-Auxois - E-commerce,1,1,0.0,0
Suhas Matériaux (New) - Peyrehorade - E-commerce,1,4,0.0,0
Terral (New) - Lacaune - E-commerce,1,1,0.0,0
Trullen (New) - Dun-le-Palestel - E-commerce,1,3,0.0,0
Vibraye Matériaux (New) - Vibraye - E-commerce,1,1,0.0,0
Vilvert (New) - Montbrison - E-commerce,1,1,0.0,0
Vilvert (New) - Montrond-les-bains - E-commerce,1,1,0.0,0
Vilvert (New) - Sainte-Foy-lArgentière - E-commerce,1,1,0.0,0
Weiss (New) - Wasselonne (Test) - E-commerce,1,6,0.3333333333333333,4
