Disponibilite,Pages consultées,Pages uniques,Sessions,Nom Magasin,Événements personnalisés
,97404,61001,37389,GEDEX - LEVALLOIS-PERRET,50770
Disponibilité selon magasin,32923,28422,23305,GEDEX - LEVALLOIS-PERRET,22714
Sous 10 jours ,26413,20560,13255,GEDEX - LEVALLOIS-PERRET,13609
Sur commande,7010,5731,4389,GEDEX - LEVALLOIS-PERRET,3911
,4311,2597,1496,Aux Docks de Clamart - Clamart - E-commerce,2332
,2883,1659,771,Cazorro Matériaux - Portet-sur-Garonne - E-commerce,1197
,2832,1720,928,Sefor - Houilles - E-commerce,1199
,2269,1356,647,Lesimple - Les Sorinières - E-commerce,836
,2202,1269,587,Boulard Verdier - Clermont-Ferrand - E-commerce,590
,1857,1076,561,Faure - Villeurbanne,932
,1564,942,402,Paris Nord Matériaux - Saint-Maur-des-Fossés,521
,1521,830,279,Castelli - Porto Vecchio - E-commerce,291
,1374,762,382,Derrey - Laneuveville-devant-Nancy - E-commerce,504
,1303,827,315,Imbert - Fourmies - E-commerce,195
,1257,695,367,Matériaux Normands - Bosgouet - E-commerce,582
,1253,742,270,Trichet - Hirson - E-commerce,158
,1189,664,250,Matériaux Normands - Totes - E-commerce,302
,1184,671,240,Millancourt et Nicolas - Eu - E-commerce,186
,1104,664,252,Labenne Rougier - Villenave-dOrnon - E-commerce,218
,1015,620,205,MCF - Yzeure - E-commerce,153
En stock,973,713,287,Boulard Verdier - Clermont-Ferrand - E-commerce,270
,971,594,340,Labenne Rougier - Pessac - E-commerce,391
,968,504,248,Matériaux Normands - Sainte-Marie-des-Champs - E-commerce,361
,937,543,200,Dumeil - Issoire - E-commerce,151
,887,482,222,Favre dAnne - Détrier - E-commerce,343
,880,527,191,Matériaux Picards - Montdidier - E-commerce,126
,873,482,145,Labenne Rougier - Vendays-Montalivet - E-commerce,125
Sur commande,850,621,340,Aux Docks de Clamart - Clamart - E-commerce,309
,847,496,135,Dumeil - Brioude - E-commerce,91
,843,508,191,CGB Troyes - Lavau,228
,830,510,204,Raynal - Riom - E-commerce,151
,805,457,235,Matériaux Picards - Villers-Bretonneux - E-commerce,316
,776,403,181,Vallier - Ville-la-Grand,323
,754,488,236,Agrimat - Fabrègues,243
,743,465,189,Talbot - Marennes,243
,722,450,183,Favre dAnne - Thônes - E-commerce,153
,716,408,196,Labenne Rougier - Tresses - E-commerce,200
,710,361,125,Millancourt et Nicolas - Neufchâtel-en-Bray - E-commerce,94
,693,348,190,Charroin - Brignais - E-commerce,329
,687,403,195,Bruhy Vacherand - Saint-Quentin - E-commerce,192
,657,443,162,Favre dAnne - Faverges - E-commerce,78
,652,407,156,Montagnat - Saint-Jean-de-Bournay,206
,647,394,241,Guenée Matériaux - Sens-de-Bretagne,299
Disponibilité selon magasin,627,480,293,Faure - Villeurbanne,262
Disponibilité selon magasin,622,419,241,Paris Nord Matériaux - Saint-Maur-des-Fossés,246
,614,340,94,Unibois - Lure - E-commerce,90
,599,323,123,Millancourt et Nicolas - Oisemont - E-commerce,120
,597,355,135,Delmonico Dorel - Davezieux,124
En stock,593,445,208,Lesimple - Les Sorinières - E-commerce,203
,591,333,159,Borgo Matériaux - Borgo - E-commerce,208
,588,303,160,Sophonet - Marseille,309
,577,380,143,Spire - Charleville-Mézières,110
,575,353,162,Dufrançais - Thiers - E-commerce,118
,562,292,133,Derrey - Épinal - E-commerce,172
,560,339,109,Lombard - Thonon-les-Bains,128
,558,326,180,Farel Clavel - Avignon - E-commerce,251
,558,352,161,Granville Matériaux - Saint-Pair-sur-Mer - E-commerce,181
,552,365,164,Anchetti - Ajaccio,156
,548,318,121,MCF - Domérat - E-commerce,103
,545,388,172,Ferrand - Vannes,117
,544,324,154,Terrasson - Vouillé,215
,543,323,114,Labenne Rougier - Avensan - E-commerce,61
,542,335,118,Labenne Rougier - La Teste-de-Buch - E-commerce,158
,536,308,117,Durruty Matériaux -  Saint-Paul-lès-Dax - E-commerce,118
,535,318,157,GBMC - Pirey,181
,531,300,136,Charbonnier - Charolles - E-commerce,153
,526,320,86,Vilvert - Montbrison - E-commerce,78
,525,299,112,Bruant - Rue - E-commerce,80
,525,334,143,Socramat - Craon - E-commerce,96
,520,286,95,Millancourt et Nicolas - Friville-Escarbotin - E-commerce,103
,518,312,84,Viviès - Baie-Mahault (Guadeloupe),70
,517,326,158,Boulogne - Abymes,117
,514,342,152,Tonetti - La Ciotat,108
,509,315,129,Bracq - Cambrai - E-commerce,95
,508,258,98,GBMC - Pontarlier,128
,507,278,173,François Matériaux - Bessières - E-commerce,250
,506,331,106,Socramat - Laval,101
,498,266,121,Boulard Verdier - La Roche-Blanche - E-commerce,72
,495,289,145,Farel Clavel - Carpentras - E-commerce,122
,495,319,115,Pagani Distribution - Oyonnax - E-commerce,89
,493,263,116,Labenne Rougier - Lège - E-commerce,69
,490,270,111,Labenne Rougier - Fronsac - E-commerce,152
,488,276,111,Labenne Rougier - Pugnac - E-commerce,93
,488,286,128,Socomat  - Tignieu-Jameyzieu,97
,485,304,163,Lesimple - Corcoué-sur-Logne - E-commerce,234
,484,312,142,Jacq - Châteauneuf-du-Faou - E-commerce,150
Sous 10 jours ,484,346,186,Faure - Villeurbanne,149
En stock,483,326,108,Labenne Rougier - Villenave-dOrnon - E-commerce,117
En stock,481,368,196,Sefor - Houilles - E-commerce,150
,480,311,132,Moreau Matériaux - Saint-Maurice-les-Brousses - E-commerce,167
Sous 10 jours ,473,338,117,Cazorro Matériaux - Portet-sur-Garonne - E-commerce,154
,464,274,101,Lesimple - Varades,126
,463,286,84,Lorcamat - Yutz,127
,462,280,118,Sat Matériaux - Joué-lès-Tours,131
,458,305,115,CDM - Ecuelles,91
,458,264,94,Labenne Rougier - Pauillac - E-commerce,103
,455,289,122,Durruty Matériaux - Bayonne - E-commerce,144
,454,209,76,Brunel - Lunel - E-commerce,93
,451,278,109,Dornet Matériaux - MERU,98
En stock,451,320,102,Dumeil - Brioude - E-commerce,94
,450,279,115,Delmonico Dorel - LHorme,155
,449,297,103,Favre dAnne - Frontenex - E-commerce,102
,448,289,83,Derrey - Sainte-Marguerite - E-commerce,61
En stock,445,277,112,Favre dAnne - Détrier - E-commerce,183
,442,289,114,Dufrançais - Billom - E-commerce,88
,433,235,100,François Matériaux - Millau - E-commerce,129
,432,251,136,Ligouy - Épieds-en-Beauce,195
,430,245,115,François Matériaux - Villefranche-de-Rouergue - E-commerce,160
,430,280,87,Lafon - Aurillac,49
,428,259,126,Barthelemy - Marseille,189
,428,280,95,Mudry Lombard - Margencel - E-commerce,70
En stock,427,291,106,Raynal - Riom - E-commerce,86
,421,246,92,Ballivy - Ambronay,96
,421,271,116,Obré Matériaux - Canet-en-Roussillon,167
,420,266,152,Envain Matériaux - Baisieux,182
En stock,420,302,121,Dumeil - Issoire - E-commerce,70
,418,266,101,Labenne Rougier - Langon - E-commerce,106
Sous 10 jours ,418,273,129,Paris Nord Matériaux - Saint-Maur-des-Fossés,146
En stock,417,312,140,Trichet - Hirson - E-commerce,77
,412,253,114,Envain Matériaux - Pont-à-Marcq,142
,412,273,110,Revillard - Cruseilles,132
,411,235,89,Martinique Matériaux - Lamentin (Martinique),142
,411,312,147,Sundgau Matériaux - Bréchaumont - E-commerce,83
,410,271,116,Jacq - Quimper - E-commerce,165
,407,228,99,Négomat - Jassans-Riottier,139
,406,237,112,Joly - Pierre-de-Bresse - E-commerce,128
En stock,406,298,104,MCF - Yzeure - E-commerce,118
,400,236,79,Charbonnier - Chauffailles - E-commerce,49
,399,211,82,Bouillier Matériaux - Perrigny,95
,399,256,151,Sosaca - Montauroux,245
En stock,393,295,132,Castelli - Porto Vecchio - E-commerce,85
,390,220,89,Martinique Matériaux - Fort-de-France (Martinique),113
,388,212,99,Gabriel - Grenay - E-commerce,117
,387,233,103,Sodimat - Bresles,129
,383,255,110,Labenne Rougier - Parentis-en-Born - E-commerce,85
,383,212,94,Millancourt et Nicolas - Gamaches - E-commerce,67
,376,222,113,GBMC - Dole,103
,374,226,79,Conil - Peyruis - E-commerce,41
En stock,372,292,132,Imbert - Fourmies - E-commerce,63
,371,244,95,Lunel Négoce - Gisors,66
,366,219,85,Lorcamat - Montoy-Flanville,114
,365,247,116,Marignane Matériaux - Marignane,181
,364,232,109,Lesimple - Blain - E-commerce,145
,362,211,109,Lesimple - Treillières - E-commerce,121
,356,179,73,Delmonico Dorel - Pierrelatte - E-commerce,103
En stock,356,241,77,Labenne Rougier - Vendays-Montalivet - E-commerce,82
,355,167,57,François Matériaux - Aubin - E-commerce,29
,355,200,84,Lesimple - Gétigné - E-commerce,107
,354,223,119,Sonovam - Peypin - E-commerce,126
En stock,354,273,161,Derrey - Laneuveville-devant-Nancy - E-commerce,86
,344,212,135,Bracq - Orbec,137
Sous 7 jours ,342,251,131,Cazorro Matériaux - Portet-sur-Garonne - E-commerce,116
,339,204,45,Derrey - Rambervillers - E-commerce,47
,339,163,78,Gouéry - Breuilpont,167
,338,215,136,Béarn Matériaux - Morlaas,160
,338,172,85,Farel Clavel - LIsle-sur-la-Sorgue - E-commerce,109
,336,207,87,Provibat - Riorges - E-commerce,65
,335,197,52,La Frontière - Givet,40
,333,197,41,JT Matériaux - Marault - E-commerce,27
,332,191,64,François Matériaux - La Primaube - E-commerce,81
,328,205,114,Stoker - Dijon - E-commerce,153
,322,197,111,Bessy-Chauvet - Saint-Peray,105
,322,208,101,Labenne Rougier - Fauillet - E-commerce,78
,320,199,97,Brochard - Varennes-Vauzelles - E-commerce,71
,320,184,58,Labenne Rougier - Coutras - E-commerce,41
,318,191,69,Labenne Rougier - Saint-Julien-en-Born - E-commerce,46
,317,196,62,Suhas Matériaux - Peyrehorade - E-commerce,58
,315,176,60,Brochard - Bourges - E-commerce,68
,313,157,55,Derrey - Lunéville - E-commerce,68
,312,201,72,Sahores - Orthez - E-commerce,72
,309,193,97,Bray - Châtillon-sur-Marne,133
,309,227,77,Guenée Matériaux - Lecousse,27
,307,196,93,Dumeil - Brassac-les-Mines - E-commerce,70
,306,192,68,Derrey - Longeville-en-Barrois - E-commerce,43
,306,200,95,Gautier Matériaux - Puymoyen,95
,305,199,88,Alti Matériaux - Sainte-Sigolène,88
,305,178,69,Culoz Matériaux - Culoz,56
,304,207,105,Augier - Saint-Romain-en-Viennois,114
,304,168,75,François Matériaux - Gaillac - E-commerce,114
,299,155,46,CGB - Nogent-sur-Seine,49
,297,133,40,Millancourt et Nicolas - Ponts-et-Marais,42
,296,169,57,Vilvert - Sainte-Foy-lArgentière - E-commerce,57
,295,167,57,Envain Matériaux - Valenciennes,34
,293,173,22,Artisans du Velay - Brives-Charensac,18
,293,178,72,Boulard Verdier - Pontgibaud - E-commerce,44
,293,169,100,Boulard Verdier - Pérignat-sur-Allier - E-commerce,111
,293,181,67,Spire - Sedan,48
,292,149,63,Balagne Matériaux - Calvi - E-commerce,54
,292,178,66,Dufrançais - Abrest,65
,291,195,78,Delmonico Dorel - Le Pouzin,57
,290,175,45,Bénatru - Salaise-sur-Sanne,57
,289,181,32,Cayreyre - Lalevade-dArdèche,32
Disponibilité selon magasin,289,231,170,Guenée Matériaux - Sens-de-Bretagne,148
En stock,288,213,80,Boulard Verdier - La Roche-Blanche - E-commerce,79
,286,172,94,Sosaca - La Seyne-sur-Mer,137
,283,159,67,François Matériaux - Marssac-sur-Tarn - E-commerce,77
,281,161,46,Charbonnier - Baudemont - E-commerce,41
,281,170,75,Lesimple - Pouzauges - E-commerce,97
,278,149,44,Balagne Matériaux - LÎle-Rousse - E-commerce,64
,278,176,84,GCCO - Autun - E-commerce,89
,276,142,51,Farel Clavel - Uzes - E-commerce,49
,276,184,68,Socramat - La Guerche-de-Bretagne - E-commerce,38
,271,163,63,Henrio - Mellac - E-commerce,50
,269,163,68,Bâti-Colman - Rosbruck,90
,269,148,59,Labenne Rougier - Duras - E-commerce,56
,268,155,47,Brochard - Saint-Maur - E-commerce,22
Disponibilité selon magasin,265,196,130,Béarn Matériaux - Morlaas,110
,263,154,40,Labenne Rougier - Miramont-de-Guyenne - E-commerce,30
,260,166,55,Flamary - Saint-Priest-de-Gimel,31
,259,168,78,Augry - Nere,107
,259,156,69,Bray - Mouroux,78
,259,163,46,Brochard - Cosne-Cours-sur-Loire - E-commerce,33
,258,157,65,Labenne Rougier - Arbanats - E-commerce,62
Disponibilité selon magasin,254,205,152,Agrimat - Fabrègues,105
,253,143,81,Feignies - Feignies - E-commerce,42
,253,158,77,Leveilleau - Sainte-Jamme-sur-Sarthe,86
,253,144,52,Millancourt et Nicolas - Morvillers-Saint-Saturnin - E-commerce,32
,252,134,41,Cayreyre - Aubenas,34
,252,161,70,MCF - Bourbon-Lancy - E-commerce,64
,251,160,82,MCF - Lapalisse - E-commerce,49
En stock,249,179,79,Derrey - Épinal - E-commerce,79
En stock,247,178,80,Farel Clavel - Carpentras - E-commerce,71
,246,149,59,Labenne Rougier - Lacanau - E-commerce,45
,245,173,80,Crevat - Dagneux,62
,245,154,72,Matériaux Picards - Nesle - E-commerce,74
,245,134,48,Saint Paulienne - Rousson,46
En stock,244,157,51,Pagani Distribution - Oyonnax - E-commerce,46
En stock,243,189,135,Aux Docks de Clamart - Clamart - E-commerce,89
En stock,243,187,85,Favre dAnne - Faverges - E-commerce,64
Sous 10 jours ,243,178,102,Sefor - Houilles - E-commerce,96
En stock,242,184,103,Millancourt et Nicolas - Eu - E-commerce,50
,241,138,48,CGB - Maizières-la-Grande-Paroisse,50
,239,114,46,Flamary - Argentat-sur-Dordogne - E-commerce,28
,237,136,71,Sodimat - Choisy-au-Bac,91
,235,180,57,Mathieu - Audun-le-Roman - E-commerce,41
,234,135,65,Bianucci Matériaux - Nîmes,65
,234,155,56,Labenne Rougier - Léon - E-commerce,39
,233,150,53,Broulard Matériaux - Sourzac - E-commerce,38
,233,145,83,Jacq - Callac - E-commerce,111
En stock,232,170,100,Dufrançais - Thiers - E-commerce,52
,230,145,56,Maisonnier - Bouresse - E-commerce,44
En stock,230,163,53,Labenne Rougier - Lège - E-commerce,52
,229,118,43,François Matériaux - Espalion - E-commerce,65
,229,145,80,Matériaux de Maintenon - Maintenon - E-commerce,75
,228,125,66,Cazorro Matériaux - Auterive - E-commerce,75
,227,152,60,Pomes Darré - Tournay,93
,226,147,39,Cabia Matériaux - Clamecy,31
,226,117,47,Jacq - Pont-lAbbé - E-commerce,57
,226,95,32,MCF - Dompierre-sur-Besbre - E-commerce,32
Sur commande,226,163,82,Labenne Rougier - Pessac - E-commerce,81
En stock,224,154,50,MCF - Lapalisse - E-commerce,65
,223,119,37,Bonnefoy Pascal - Langogne - E-commerce,18
,223,143,49,Boromat - Ambert - E-commerce,39
,223,132,79,Vilvert - Montrond-les-bains - E-commerce,90
Disponibilité selon magasin,223,157,85,Montagnat - Saint-Jean-de-Bournay,74
En stock,222,169,43,MCF - Bourbon-Lancy - E-commerce,35
Sous 10 jours ,222,159,90,Matériaux Normands - Bosgouet - E-commerce,65
,219,135,71,Cazorro Matériaux - Carbonne - E-commerce,86
,218,145,61,Avesnes - Avesnelles - E-commerce,39
Disponibilité selon magasin,218,164,81,Ferrand - Vannes,66
,216,179,785,,19
,216,153,75,Quemabri - Quessoy,89
,215,112,76,Bianucci Matériaux - Uzes,98
,215,134,58,Matériaux Lacoste - Maiche,59
En stock,215,171,71,Favre dAnne - Thônes - E-commerce,46
,211,131,38,Labenne Rougier - La Réole - E-commerce,35
,210,139,66,Weiss - Wasselonne,67
,208,108,49,Matériaux Jobert - Villeneuve-sur-Yonne,75
,207,122,66,François Matériaux - Figeac - E-commerce,71
Disponibilité selon magasin,207,152,73,Tonetti - La Ciotat,39
,206,130,49,Terrasson - Vivonne,37
,205,129,66,Henrio PPI - Lanester,72
,205,160,59,Terral - Lacaune - E-commerce,38
,202,101,36,Derrey - Poussay - E-commerce,17
En stock,202,148,61,Labenne Rougier - La Teste-de-Buch - E-commerce,59
,201,115,28,Bernard Reymond - Puy-Saint-André,17
,200,141,50,Spire - Sault-lès-Rethel,50
,199,132,64,Delmonico Dorel - Montelimar,65
,199,116,38,Delmonico Dorel - Rive-de-Gier,38
,198,114,54,Mercier - Onet-le-Château,103
,197,128,52,Baffet Matériaux - Brive-la-Gaillarde,67
Sous 10 jours ,197,145,91,Guenée Matériaux - Sens-de-Bretagne,96
,196,122,58,Derrey - Pulnoy - E-commerce,67
,193,121,40,Quissac Matériaux - Quissac,29
Disponibilité selon magasin,193,143,92,Obré Matériaux - Canet-en-Roussillon,85
,191,103,40,François Matériaux - Saint-Benoît-de-Carmaux - E-commerce,26
Sous 10 jours ,191,143,71,CGB Troyes - Lavau,48
,190,110,59,Labenne Rougier - Lacanau (Bâti) - E-commerce,49
En stock,190,118,34,Mudry Lombard - Margencel - E-commerce,51
Disponibilité selon magasin,188,131,89,Envain Matériaux - Baisieux,86
Sous 10 jours ,188,132,63,Lesimple - Les Sorinières - E-commerce,53
,186,114,41,Stoker - Ménétreux-le-Pitois - E-commerce,35
Disponibilité selon magasin,186,148,104,Bracq - Orbec,82
Disponibilité selon magasin,185,140,84,Talbot - Marennes,60
,184,116,36,Boulard Verdier - Gerzat - E-commerce,32
,184,126,62,Bray - Brasles,41
,184,136,50,Multimat Étain - Étain,30
En stock,184,137,93,Labenne Rougier - Fauillet - E-commerce,18
,183,114,39,Derrey - Étival-Clairefontaine - E-commerce,62
Disponibilité selon magasin,183,139,87,GBMC - Pirey,64
,182,104,53,Farel Clavel - Remoulins - E-commerce,45
,180,96,29,Vialleix Brico - Bort-les-Orgues - E-commerce,41
,179,119,49,François Matériaux - Saint-Affrique,29
En stock,179,137,69,Labenne Rougier - Tresses - E-commerce,59
,178,125,36,Socomatra - Nouméa,21
,176,93,53,Raynal - Manzat,93
Disponibilité selon magasin,176,124,75,Sophonet - Marseille,77
En stock,176,113,37,Boulard Verdier - Pontgibaud - E-commerce,35
,173,121,50,Charbonnier - Génelard,26
,173,106,51,Labenne Rougier - Aiguillon - E-commerce,42
,172,105,50,Périgord Matériaux - Brantôme en Périgord,39
Disponibilité selon magasin,172,132,93,CGB Troyes - Lavau,46
,170,100,45,Bléger - Colmar,34
,169,107,55,Marion Matériaux - Limoux,49
En stock,169,143,75,Matériaux Normands - Totes - E-commerce,28
,168,116,44,Baffet Matériaux - Saint-Pantaléon-de-Larche,35
,168,98,39,Stock du Gatinais - Juranville,38
,167,121,33,Durruty Matériaux - Messanges - E-commerce,44
Sous 10 jours ,167,117,41,Guenée Matériaux - Lecousse,45
,166,104,56,Delmonico Dorel - Saint-Vallier,62
En stock,166,134,62,MCF - Domérat - E-commerce,21
Sous 10 jours ,166,116,63,Vallier - Ville-la-Grand,70
En stock,164,127,41,Labenne Rougier - Pauillac - E-commerce,31
,163,95,27,Sodimat - Formerie,25
Disponibilité selon magasin,162,122,96,Sosaca - Montauroux,98
Disponibilité selon magasin,161,129,83,Sat Matériaux - Joué-lès-Tours,67
Sur commande,161,140,91,Moreau Matériaux - Saint-Maurice-les-Brousses - E-commerce,62
,160,117,75,Bernard Reymond - Gap,39
,160,99,52,François Matériaux - Couffouleux - E-commerce,71
,160,119,22,Pomes Darré - Plaisance du Gers,22
Disponibilité selon magasin,160,101,45,CDM - Ecuelles,58
Sous 10 jours ,159,121,65,GBMC - Pirey,79
,158,87,50,Laboissière - Blois,70
,158,107,33,Manen - Anduze,17
En stock,158,127,62,Jacq - Châteauneuf-du-Faou - E-commerce,49
,157,80,27,Matériaux Darnand - Marboz,68
Disponibilité selon magasin,157,117,85,Marignane Matériaux - Marignane,58
Sous 10 jours ,157,93,39,CDM - Ecuelles,39
,156,95,36,CGB - Nangis,14
,156,112,50,Maury - Saint-Médard-dExcideuil - E-commerce,23
Disponibilité selon magasin,156,128,91,Ligouy - Épieds-en-Beauce,69
Sous 10 jours ,156,105,54,Béarn Matériaux - Morlaas,57
,155,93,56,Lauzin - Valence dAgen - E-commerce,46
,155,104,35,Raynal - Gannat,12
En stock,155,109,47,Millancourt et Nicolas - Gamaches - E-commerce,32
,154,88,42,Durruty Matériaux - Larressore - E-commerce,40
En stock,154,114,59,Dufrançais - Billom - E-commerce,40
En stock,154,121,66,Farel Clavel - Avignon - E-commerce,53
,153,96,44,Spire - Rozoy-sur-Serre,79
Sous 10 jours ,153,102,16,Vilvert - Montbrison - E-commerce,50
,152,95,21,Sodimat - Attichy,31
,151,86,33,Gautier Matériaux - Montmoreau-Saint-Cybard,38
,150,86,36,Dufrançais - Courpière,25
,150,114,45,SECB - Bellac,42
,150,103,43,Vialleix  - Bort-les-Orgues,10
Disponibilité selon magasin,150,107,71,Barthelemy - Marseille,61
Disponibilité selon magasin,149,99,50,Dornet Matériaux - MERU,41
Disponibilité selon magasin,149,105,53,Spire - Charleville-Mézières,38
En stock,149,117,50,Labenne Rougier - Avensan - E-commerce,85
,148,97,35,Tonetti - Aubagne,28
En stock,148,111,51,Millancourt et Nicolas - Neufchâtel-en-Bray - E-commerce,25
,147,64,22,François Matériaux - Baraqueville - E-commerce,24
,146,96,36,COMOBE - BARVAUX SUR OURTHE,27
,145,78,23,Derrey - Vézelise - E-commerce,26
,145,100,51,Favre dAnne - Flumet - E-commerce,25
,145,86,34,Moreau Matériaux - Châlus - E-commerce,7
Disponibilité selon magasin,145,97,50,Socomat  - Tignieu-Jameyzieu,40
,144,100,39,Rolampont - Rolampont - E-commerce,25
,144,95,41,Vallier - Saint-Pierre-en-Faucigny,37
,143,80,26,Stock du Gatinais - Ouzouer-sur-Loire,45
Disponibilité selon magasin,141,98,64,Lesimple - Varades,46
,140,91,36,Vallier - Marignier,13
,139,72,27,François Matériaux - Saint-Flour - E-commerce,21
,139,88,54,Matériaux Périgourdins - Coulounieix-Chamiers,35
Sous 10 jours ,139,99,31,Socramat - Craon - E-commerce,20
,138,96,36,Léger - Villeperdue,27
Sous 10 jours ,138,96,54,Envain Matériaux - Pont-à-Marcq,52
,137,76,24,Marion Matériaux - Quillan,17
En stock,137,104,44,Labenne Rougier - Fronsac - E-commerce,38
Sous 10 jours ,137,116,80,Agrimat - Fabrègues,52
,136,80,47,Farel Clavel - Rochefort-du-Gard - E-commerce,75
,136,68,17,Matériaux de Maintenon - Hanches,13
Disponibilité selon magasin,136,111,65,Bessy-Chauvet - Saint-Peray,56
Disponibilité selon magasin,136,95,33,Flamary - Saint-Priest-de-Gimel,28
Sous 10 jours ,136,99,48,Matériaux Normands - Totes - E-commerce,24
Sous 10 jours ,135,56,3,Matériaux de Maintenon - Hanches,27
Sur commande,135,100,34,Vilvert - Montbrison - E-commerce,26
,134,79,39,Bléger - Wintzenheim,52
Sous 10 jours ,134,95,42,Matériaux Picards - Villers-Bretonneux - E-commerce,34
Sur commande,134,102,59,Brochard - Varennes-Vauzelles - E-commerce,37
,133,77,25,Brico Bâti Leveilleau - Conlie,19
Disponibilité selon magasin,133,108,62,Anchetti - Ajaccio,31
,132,87,21,GBMC - Val de Saône - Mirebeau sur Bèze,7
,132,87,45,Henrio - Plouay - E-commerce,40
,132,95,57,Vaxivière - Eymoutiers,15
Disponibilité selon magasin,132,103,70,Bray - Châtillon-sur-Marne,37
Disponibilité selon magasin,132,99,55,Quemabri - Quessoy,49
Sur commande,132,96,69,Sonovam - Peypin - E-commerce,45
Sur commande,132,98,72,Stoker - Dijon - E-commerce,47
,131,74,16,Brochard - Poilly-lez-Gien - E-commerce,5
,131,69,50,Envain Matériaux - Wallers,106
Disponibilité selon magasin,131,103,76,Terrasson - Vouillé,43
En stock,131,90,19,MCF - Dompierre-sur-Besbre - E-commerce,56
,130,92,32,CGB - Bray-sur-Seine,16
,130,84,32,Pomes Darré - Lalanne-Trie,15
,130,63,15,Pramat - Florac-Trois-Rivières,14
Sous 10 jours ,130,90,34,Lunel Négoce - Gisors,22
Disponibilité selon magasin,129,97,39,GBMC - Pontarlier,54
Disponibilité selon magasin,129,98,55,Revillard - Cruseilles,56
Disponibilité selon magasin,128,98,58,Delmonico Dorel - LHorme,47
Disponibilité selon magasin,128,87,59,Sodimat - Bresles,50
Sous 10 jours ,128,80,26,Viviès - Baie-Mahault (Guadeloupe),39
Sur commande,128,87,60,Faure - Villeurbanne,43
En stock,126,88,45,Labenne Rougier - Parentis-en-Born - E-commerce,32
,125,80,37,Datas - Seissan - E-commerce,31
,125,69,35,Kammerer - Hirsingue,26
,125,77,31,MCF - Varennes-sur-Allier - E-commerce,18
,125,73,37,Sosaca - Hyères,61
Sous 10 jours ,125,94,48,Bessy-Chauvet - Saint-Peray,42
Sous 10 jours ,125,81,62,Sosaca - Montauroux,44
Sur commande,125,94,45,Conil - Peyruis - E-commerce,16
Sur commande,125,87,35,Lesimple - Les Sorinières - E-commerce,21
,124,83,27,Bon et Bosc - Cadours,44
,124,64,17,Fourgeaud - Chasseneuil-sur-Bonnieure,24
En stock,124,91,39,Boulard Verdier - Pérignat-sur-Allier - E-commerce,30
Sous 10 jours ,124,92,54,Sat Matériaux - Joué-lès-Tours,44
Sur commande,124,90,50,Vilvert - Montrond-les-bains - E-commerce,32
,123,92,16,Delmonico Dorel - Saint-Just-dArdèche,9
Sous 10 jours ,123,97,36,Bernard Reymond - Gap,37
,122,67,23,Négomat - Villars-les-Dombes,23
,122,82,32,Sodimat - Grandvilliers,20
En stock,122,97,51,Matériaux Picards - Montdidier - E-commerce,25
Sous 10 jours ,122,88,47,Durruty Matériaux -  Saint-Paul-lès-Dax - E-commerce,23
,121,74,35,DBM - Saint-Gilles,10
,121,80,40,Lorcamat - Rombas,53
Disponibilité selon magasin,121,96,65,Boulogne - Abymes,37
Disponibilité selon magasin,121,86,49,Lorcamat - Yutz,56
En stock,121,98,68,Cazorro Matériaux - Portet-sur-Garonne - E-commerce,48
En stock,120,95,53,Dumeil - Brassac-les-Mines - E-commerce,24
,119,79,37,Baffet Matériaux - Objat,32
,119,84,27,CGB - Brienne-le-Château,15
,119,75,22,Dufrançais - Cunlhat,27
Disponibilité selon magasin,119,93,69,Envain Matériaux - Pont-à-Marcq,32
En stock,119,86,45,Labenne Rougier - Pugnac - E-commerce,35
Sous 10 jours ,119,98,56,Talbot - Marennes,38
,118,66,20,Lorcamat - Sarralbe,41
Disponibilité selon magasin,118,72,38,Crevat - Dagneux,16
Sous 10 jours ,118,84,43,Spire - Charleville-Mézières,20
,117,73,41,Montagnat - Jardin,62
,116,72,31,Derrey - Bruyères - E-commerce,24
,116,84,40,Envain Matériaux - Orchies,18
Disponibilité selon magasin,116,85,44,Lafon - Aurillac,30
Sous 10 jours ,116,81,40,Delmonico Dorel - Davezieux,44
Sur commande,116,81,25,JT Matériaux - Marault - E-commerce,21
En stock,115,80,28,Labenne Rougier - Coutras - E-commerce,30
En stock,115,84,31,Labenne Rougier - Lacanau (Bâti) - E-commerce,32
,114,79,44,Envain Matériaux - Lieu-Saint-Amand,17
Disponibilité selon magasin,114,58,32,Kammerer - Hirsingue,40
En stock,113,86,35,Feignies - Feignies - E-commerce,15
,112,64,20,Sosaca - Draguignan,31
Disponibilité selon magasin,112,81,55,Négomat - Jassans-Riottier,38
En stock,112,85,46,Favre dAnne - Frontenex - E-commerce,29
Sous 10 jours ,112,85,31,Alti Matériaux - Sainte-Sigolène,35
Sous 10 jours ,112,78,46,Revillard - Cruseilles,38
,111,68,34,Balagne Matériaux - Corte - E-commerce,40
,111,73,29,Vibraye Matériaux - Vibraye - E-commerce,34
En stock,111,80,42,Derrey - Sainte-Marguerite - E-commerce,19
En stock,111,72,20,Labenne Rougier - Léon - E-commerce,31
,110,80,24,Garrigues - Rieupeyroux,26
Disponibilité selon magasin,110,89,67,Vallier - Ville-la-Grand,49
En stock,110,81,47,Matériaux Normands - Bosgouet - E-commerce,34
Sous 10 jours ,110,83,33,GBMC - Dole,22
Sous 10 jours ,110,71,24,Laboissière - Blois,17
Sous 10 jours ,110,83,49,Matériaux Normands - Sainte-Marie-des-Champs - E-commerce,43
Sur commande,110,87,38,Charbonnier - Chauffailles - E-commerce,25
,109,73,33,Brochard - Saint-Amand-Montrond - E-commerce,15
,108,61,27,GCCO - Luzy - E-commerce,20
Disponibilité selon magasin,108,79,36,Delmonico Dorel - Saint-Vallier,27
En stock,108,79,41,Lesimple - Blain - E-commerce,38
Sous 10 jours ,108,66,27,Millancourt et Nicolas - Eu - E-commerce,28
Sous 10 jours ,108,78,47,Terrasson - Vouillé,28
Sur commande,108,76,41,Cazorro Matériaux - Portet-sur-Garonne - E-commerce,36
Sous 10 jours ,107,81,43,Aux Docks de Clamart - Clamart - E-commerce,35
,106,77,37,D.M.T - La Tremblade,32
,106,58,42,Sodimat - Noyon,59
En stock,106,78,44,Bruant - Rue - E-commerce,20
Sous 10 jours ,106,79,36,Borgo Matériaux - Borgo - E-commerce,34
Sur commande,106,84,45,Socramat - Craon - E-commerce,14
,105,97,33,Guenée Matériaux - Mortain,29
En stock,105,93,49,Lesimple - Corcoué-sur-Logne - E-commerce,28
Sous 10 jours ,105,73,37,Charroin - Brignais - E-commerce,19
Sous 10 jours ,105,74,43,Socomat  - Tignieu-Jameyzieu,21
Sur commande,105,71,35,Socramat - La Guerche-de-Bretagne - E-commerce,19
,104,71,39,Brochard - Vierzon - E-commerce,37
En stock,104,79,37,Labenne Rougier - Langon - E-commerce,22
,103,57,16,Sosaca - Le luc,32
,103,71,29,Sud Ardennes Matériaux -  Vouziers,19
Disponibilité selon magasin,103,79,45,Ballivy - Ambronay,23
En stock,103,84,32,Lesimple - Pouzauges - E-commerce,16
En stock,103,77,50,Matériaux Picards - Villers-Bretonneux - E-commerce,25
,102,55,24,Trullen - Lavaveix-les-Mines,10
Disponibilité selon magasin,102,82,51,Bianucci Matériaux - Nîmes,47
Disponibilité selon magasin,102,76,51,Sodimat - Choisy-au-Bac,26
Sous 10 jours ,102,79,36,Socramat - Laval,29
,101,65,26,Legrand - Mondoubleau - E-commerce,18
En stock,101,70,26,Boulard Verdier - Gerzat - E-commerce,28
En stock,101,77,35,Millancourt et Nicolas - Friville-Escarbotin - E-commerce,26
Sous 10 jours ,101,77,44,Anchetti - Ajaccio,25
Sous 10 jours ,101,60,18,Unibois - Lure - E-commerce,35
,100,59,13,Périgord Matériaux - Piégut-Pluviers,18
Disponibilité selon magasin,100,61,22,Millancourt et Nicolas - Ponts-et-Marais,17
En stock,100,75,26,Labenne Rougier - Duras - E-commerce,19
Sous 10 jours ,100,70,41,Lesimple - Varades,36
,99,68,24,Bouillier Matériaux - Saint-Amour,8
,99,69,25,Datas - Vic-Fezensac,9
En stock,99,82,42,Gabriel - Grenay - E-commerce,19
En stock,99,76,40,Lesimple - Treillières - E-commerce,27
Sur commande,99,71,42,Sundgau Matériaux - Bréchaumont - E-commerce,25
,98,55,13,Datas - Masseube,11
,98,53,22,Martinique Matériaux - Rivière-Salée (Martinique),61
,98,66,30,Vialleix  - Ussel,17
Sur commande,98,76,56,Matériaux de Maintenon - Maintenon - E-commerce,27
,97,65,27,Bouillier Matériaux - Cousance,17
,97,52,19,Delmonico Dorel - Le Teil,10
Disponibilité selon magasin,97,69,41,Dufrançais - Abrest,22
Disponibilité selon magasin,97,74,57,Sosaca - La Seyne-sur-Mer,38
Sous 10 jours ,97,67,40,Bracq - Orbec,42
Sous 10 jours ,97,67,23,Cayreyre - Aubenas,28
Sous 10 jours ,97,61,30,Quemabri - Quessoy,34
Sous 10 jours ,97,68,30,Saint Paulienne - Rousson,26
Sur commande,97,74,37,Provibat - Riorges - E-commerce,23
Disponibilité selon magasin,96,68,26,La Frontière - Givet,29
Disponibilité selon magasin,96,70,46,Weiss - Wasselonne,36
En stock,96,79,49,Matériaux Normands - Sainte-Marie-des-Champs - E-commerce,32
Sous 10 jours ,96,72,44,Granville Matériaux - Saint-Pair-sur-Mer - E-commerce,23
Disponibilité selon magasin,95,77,52,Bray - Mouroux,20
Disponibilité selon magasin,95,72,37,Delmonico Dorel - Davezieux,33
En stock,95,70,39,Derrey - Longeville-en-Barrois - E-commerce,20
Sous 10 jours ,95,63,36,Tonetti - La Ciotat,23
Sur commande,95,68,27,Moreau Matériaux - Châlus - E-commerce,10
,94,71,31,Cazorro Matériaux - Martres-Tolosane,24
,94,69,24,Trullen -  Le Grand-Bourg,15
Sur commande,94,68,45,Lauzin - Valence dAgen - E-commerce,22
,93,56,19,Guenée Matériaux - Maen Roch,7
,92,49,15,Bléger - Sélestat,11
,92,48,34,Moreau Matériaux - Saint-Varent,59
Disponibilité selon magasin,92,75,62,Augry - Nere,39
Disponibilité selon magasin,92,68,53,Lorcamat - Montoy-Flanville,29
,91,50,25,Terrasson - Saint-Maurice-la-Clouère,40
Disponibilité selon magasin,91,63,32,Delmonico Dorel - Montelimar,24
Disponibilité selon magasin,91,65,42,Leveilleau - Sainte-Jamme-sur-Sarthe,27
En stock,91,76,24,Favre dAnne - Flumet - E-commerce,23
En stock,91,67,27,François Matériaux - Aubin - E-commerce,16
Sous 10 jours ,91,64,22,Barthelemy - Marseille,26
Sous 10 jours ,91,67,25,Brunel - Lunel - E-commerce,24
Sous 10 jours ,91,67,49,Envain Matériaux - Baisieux,44
Sous 10 jours ,91,60,17,JT Matériaux - Marault - E-commerce,28
Sur commande,91,69,44,Bruhy Vacherand - Saint-Quentin - E-commerce,19
Sur commande,91,67,36,Sefor - Houilles - E-commerce,30
,90,42,15,Bray - Charly-sur-Marne,11
Sous 10 jours ,90,57,26,Bracq - Cambrai - E-commerce,18
Sous 10 jours ,90,56,23,Durruty Matériaux - Bayonne - E-commerce,24
Sous 10 jours ,90,64,27,Vaxivière - Eymoutiers,28
Sur commande,90,63,31,Brochard - Bourges - E-commerce,12
,89,72,29,Bouchard - Lombez - E-commerce,16
Disponibilité selon magasin,89,65,31,Cabia Matériaux - Clamecy,33
Sous 10 jours ,89,71,45,Derrey - Laneuveville-devant-Nancy - E-commerce,38
Sur commande,89,64,16,Bonnefoy Pascal - Langogne - E-commerce,12
,88,56,24,Lorcamat - Lemud,27
,88,58,19,Vallier - Viuz-en-Sallaz,7
Disponibilité selon magasin,88,71,37,Lombard - Thonon-les-Bains,14
En stock,88,68,31,Lesimple - Gétigné - E-commerce,17
Sous 10 jours ,88,62,22,Lombard - Thonon-les-Bains,17
Sous 10 jours ,88,72,32,Sodimat - Bresles,18
,87,43,11,Bléger - Hilsenheim,7
,87,62,22,Pagani Distribution - Saint-Lupicin,17
Sur commande,87,64,28,Brochard - Saint-Maur - E-commerce,14
Sur commande,86,73,39,Durruty Matériaux -  Saint-Paul-lès-Dax - E-commerce,17
Sur commande,86,62,35,Vilvert - Sainte-Foy-lArgentière - E-commerce,17
,85,54,24,Durruty Matériaux - Bénesse-Maremne - E-commerce,14
,85,57,26,Lorcamat - Koenigsmacker,25
Disponibilité selon magasin,85,70,24,CGB - Maizières-la-Grande-Paroisse,12
En stock,85,61,29,Jacq - Pont-lAbbé - E-commerce,15
Sous 10 jours ,85,64,38,Charbonnier - Charolles - E-commerce,20
,84,56,30,Matériaux Bressans - Montrevel-en-Bresse,38
Sous 10 jours ,84,46,16,Balagne Matériaux - LÎle-Rousse - E-commerce,15
Sous 10 jours ,84,65,24,Brochard - Varennes-Vauzelles - E-commerce,20
Sous 10 jours ,84,69,47,Delmonico Dorel - LHorme,27
,83,64,39,Brochard - Belleville-sur-Loire - E-commerce,17
En stock,83,59,32,François Matériaux - Villefranche-de-Rouergue - E-commerce,23
Sous 10 jours ,83,49,12,Bon et Bosc - Cadours,23
Sous 10 jours ,83,63,45,Ferrand - Vannes,28
Sous 10 jours ,83,56,35,Stoker - Dijon - E-commerce,42
Sur commande,83,57,34,Agrimat - Fabrègues,35
Sur commande,83,58,27,Brochard - Cosne-Cours-sur-Loire - E-commerce,4
Sur commande,83,66,22,Stoker - Ménétreux-le-Pitois - E-commerce,19
,82,57,35,Larroque - Saint-Michel-Loubéjou,23
Disponibilité selon magasin,82,56,29,Envain Matériaux - Valenciennes,23
Disponibilité selon magasin,82,58,37,Socramat - Laval,24
En stock,82,66,29,Avesnes - Avesnelles - E-commerce,13
En stock,82,55,23,Henrio - Mellac - E-commerce,14
Sous 10 jours ,82,54,28,Lafon - Aurillac,20
Sous 10 jours ,82,67,50,Ligouy - Épieds-en-Beauce,36
,81,68,33,Guenée Matériaux - Saint-James,18
,80,49,16,Bernard Reymond - Embrun,8
,80,48,20,Joly - Sagy - E-commerce,23
,80,53,19,Kammerer - Waldighoffen,6
Disponibilité selon magasin,80,63,31,Lunel Négoce - Gisors,20
En stock,80,57,16,Labenne Rougier - Miramont-de-Guyenne - E-commerce,37
Sur commande,80,64,24,Suhas Matériaux - Peyrehorade - E-commerce,2
Sous 10 jours ,79,59,29,Lorcamat - Yutz,22
Sous 10 jours ,79,66,43,Montagnat - Saint-Jean-de-Bournay,32
,78,49,17,Derrey - Ligny-en-Barrois,14
En stock,78,59,24,Labenne Rougier - Lacanau - E-commerce,16
En stock,78,64,38,Millancourt et Nicolas - Oisemont - E-commerce,9
,77,43,21,GBMC - Val de Saône - Arc Lès Gray,34
,77,54,18,Pagani Distribution - Port,13
Disponibilité selon magasin,77,67,50,Culoz Matériaux - Culoz,20
En stock,77,55,20,Derrey - Poussay - E-commerce,14
En stock,77,56,27,Farel Clavel - Uzes - E-commerce,19
Sous 10 jours ,77,55,21,Martinique Matériaux - Fort-de-France (Martinique),11
,76,60,19,Raffort - Passy,12
En stock,76,59,20,Derrey - Rambervillers - E-commerce,12
En stock,76,60,32,Jacq - Quimper - E-commerce,30
Sous 10 jours ,76,49,29,Bruhy Vacherand - Saint-Quentin - E-commerce,16
Sous 10 jours ,76,52,27,Vilvert - Montrond-les-bains - E-commerce,24
Sur commande,76,55,37,Paris Nord Matériaux - Saint-Maur-des-Fossés,42
,75,51,25,MCF - Cosne-dAllier - E-commerce,19
Disponibilité selon magasin,75,59,33,Bléger - Colmar,27
En stock,75,57,27,Unibois - Lure - E-commerce,19
Sous 10 jours ,75,53,25,Crevat - Dagneux,14
Disponibilité selon magasin,74,58,36,Delmonico Dorel - Le Pouzin,16
Disponibilité selon magasin,74,54,36,Saint Paulienne - Rousson,28
Sous 10 jours ,74,53,24,Moreau Matériaux - Saint-Maurice-les-Brousses - E-commerce,36
,73,44,18,Anchetti - Sagone,12
,73,38,18,Bouillier Matériaux - Bletterans,12
Disponibilité selon magasin,73,52,42,Gautier Matériaux - Puymoyen,19
Sous 10 jours ,73,61,34,Dornet Matériaux - MERU,20
Sous 10 jours ,73,56,43,Obré Matériaux - Canet-en-Roussillon,32
Sous 10 jours ,73,49,19,Spire - Sedan,14
,72,35,8,GBMC - Val de Saône - Champlitte,10
Disponibilité selon magasin,72,56,36,Bâti-Colman - Rosbruck,27
Disponibilité selon magasin,72,57,35,Guenée Matériaux - Lecousse,9
En stock,72,48,18,Henrio - Plouay - E-commerce,12
En stock,72,54,26,Labenne Rougier - Saint-Julien-en-Born - E-commerce,19
En stock,72,61,29,Matériaux Picards - Nesle - E-commerce,13
Sur commande,72,42,22,Rolampont - Rolampont - E-commerce,13
Sur commande,72,58,36,Terral - Lacaune - E-commerce,15
,71,37,7,CGB - Bar-sur-Aube,3
,71,52,30,Envain Matériaux - Saint-Amand-les-Eaux,13
Disponibilité selon magasin,71,59,40,Bianucci Matériaux - Uzes,31
Disponibilité selon magasin,71,51,21,Spire - Rozoy-sur-Serre,32
Sous 10 jours ,71,51,16,Socramat - La Guerche-de-Bretagne - E-commerce,14
,70,44,20,Jacq - Bannalec - E-commerce,8
,70,56,11,Pomes Darré - Castelnau,26
Disponibilité selon magasin,70,58,35,Alti Matériaux - Sainte-Sigolène,27
Disponibilité selon magasin,70,49,35,Baffet Matériaux - Brive-la-Gaillarde,22
Disponibilité selon magasin,70,59,41,GBMC - Dole,21
Sous 10 jours ,70,53,20,Bouillier Matériaux - Perrigny,13
Sous 10 jours ,70,34,27,GBMC - Pontarlier,13
Sous 10 jours ,70,44,8,Pramat - Florac-Trois-Rivières,13
,69,50,24,BRIQUETERIE DARLON - ARLON,26
,69,40,15,CGB - Montier-en-Der,17
,69,48,21,Lorcamat - Rohrbach-lès-Bitche,9
Disponibilité selon magasin,69,56,36,Lorcamat - Rombas,37
Disponibilité selon magasin,69,50,40,Marion Matériaux - Limoux,22
Sous 10 jours ,69,53,34,Castelli - Porto Vecchio - E-commerce,13
,68,53,21,Bonnefoy Pascal - Saint-André-Capcèze - E-commerce,11
,68,37,13,CGB - Bar-sur-Seine,27
,68,54,29,Maraj - Sainte-Marie (La Mare) - E-commerce,21
Disponibilité selon magasin,68,57,33,Bouillier Matériaux - Perrigny,15
Sous 10 jours ,68,49,31,Marignane Matériaux - Marignane,14
Sous 10 jours ,68,52,13,Stoker - Ménétreux-le-Pitois - E-commerce,16
,67,46,21,François Matériaux - Saint-Chély-dApcher - E-commerce,18
Disponibilité selon magasin,67,53,34,Pomes Darré - Tournay,21
Sous 10 jours ,67,47,22,Culoz Matériaux - Culoz,11
Sous 10 jours ,67,53,37,Sophonet - Marseille,28
Sur commande,67,55,37,Sahores - Orthez - E-commerce,13
,66,42,14,Brochard Couverture - Saint-Germain-du-Puy,6
,66,49,29,Maisonnier - LIsle-Jourdain - E-commerce,16
,66,48,25,Matériaux Jobert - Charny,16
Disponibilité selon magasin,66,48,26,Envain Matériaux - Orchies,14
Sous 10 jours ,66,40,18,François Matériaux - Figeac - E-commerce,26
Sous 10 jours ,66,56,28,Leveilleau - Sainte-Jamme-sur-Sarthe,20
Sous 10 jours ,66,50,32,Lorcamat - Montoy-Flanville,28
Sur commande,66,45,22,Brochard - Saint-Amand-Montrond - E-commerce,8
Sur commande,66,41,16,GCCO - Autun - E-commerce,22
,65,36,25,Sosaca - Saint-Maximin-la-Sainte-Baume,33
Disponibilité selon magasin,65,52,39,Gouéry - Breuilpont,19
Sous 10 jours ,65,43,22,Bianucci Matériaux - Nîmes,22
Sous 10 jours ,65,37,10,Derrey - Sainte-Marguerite - E-commerce,15
,64,47,36,Provibat - Charlieu - E-commerce,18
En stock,64,53,26,Labenne Rougier - Arbanats - E-commerce,9
,63,42,25,Lorcamat - Cons-la-Grandville,40
,63,53,10,Périgord Matériaux - Javerlhac,7
Disponibilité selon magasin,63,30,19,CGB - Nangis,31
Disponibilité selon magasin,63,48,27,Spire - Sedan,21
Sous 10 jours ,63,49,29,Boulogne - Abymes,13
,62,39,17,Stoker - Pouilly-en-Auxois - E-commerce,11
En stock,62,44,16,Labenne Rougier - Aiguillon - E-commerce,16
Sous 10 jours ,62,41,16,Bray - Mouroux,19
Sur commande,62,51,36,Charroin - Brignais - E-commerce,25
,61,30,13,Matériaux Maitre - Saint-Trivier-de-Courtes,19
Disponibilité selon magasin,61,55,19,Delmonico Dorel - Rive-de-Gier,10
Disponibilité selon magasin,61,45,19,Vaxivière - Eymoutiers,33
Sous 10 jours ,61,45,23,Ballivy - Ambronay,11
Sous 10 jours ,61,39,11,Brochard - Bourges - E-commerce,17
,60,30,15,Farel Clavel - Mazan - E-commerce,15
,60,37,18,Trullen - Sauviat-sur-Vige,4
Disponibilité selon magasin,60,44,27,Bray - Brasles,17
,59,44,22,SDM - Les Vans,19
Disponibilité selon magasin,59,37,29,Envain Matériaux - Lieu-Saint-Amand,21
Disponibilité selon magasin,59,48,36,Henrio PPI - Lanester,23
Disponibilité selon magasin,59,47,28,Manen - Anduze,16
Disponibilité selon magasin,59,43,21,Terrasson - Vivonne,18
Sous 10 jours ,59,39,16,Millancourt et Nicolas - Friville-Escarbotin - E-commerce,15
,58,43,22,Peuzin et Cie - Serres,9
Disponibilité selon magasin,58,43,33,Laboissière - Blois,15
Sur commande,58,38,20,Anchetti - Ajaccio,17
Sur commande,58,34,10,Lesimple - Corcoué-sur-Logne - E-commerce,10
Sur commande,58,51,26,Maisonnier - Bouresse - E-commerce,7
,57,29,6,COLLOT - NANINNE,0
Disponibilité selon magasin,57,40,18,Cazorro Matériaux - Martres-Tolosane,12
Sous 10 jours ,57,40,21,Balagne Matériaux - Calvi - E-commerce,10
Sous 10 jours ,57,43,21,Imbert - Fourmies - E-commerce,13
Sous 10 jours ,57,30,19,Lorcamat - Lemud,11
Sous 10 jours ,56,47,25,Augry - Nere,27
Sous 10 jours ,56,45,12,CGB - Brienne-le-Château,18
Sous 10 jours ,56,41,18,Conil - Peyruis - E-commerce,16
Sous 10 jours ,56,38,15,François Matériaux - La Primaube - E-commerce,9
Sous 10 jours ,56,37,19,Joly - Pierre-de-Bresse - E-commerce,15
Sous 10 jours ,56,40,15,La Frontière - Givet,18
Sous 10 jours ,56,41,22,Millancourt et Nicolas - Neufchâtel-en-Bray - E-commerce,13
Sur commande,56,37,22,Matériaux Normands - Bosgouet - E-commerce,18
,55,36,22,Viviès - Gourbeyre (Guadeloupe),16
Sous 10 jours ,55,42,21,Envain Matériaux - Valenciennes,14
Sous 10 jours ,55,45,24,Sonovam - Peypin - E-commerce,19
Sous 10 jours ,55,38,17,Sundgau Matériaux - Bréchaumont - E-commerce,19
Sur commande,55,44,26,Castelli - Porto Vecchio - E-commerce,12
Sur commande,55,37,23,Marignane Matériaux - Marignane,13
,54,48,10,CGB - Châtillon-sur-Seine,4
En stock,54,45,25,Derrey - Lunéville - E-commerce,11
En stock,54,37,20,Millancourt et Nicolas - Morvillers-Saint-Saturnin - E-commerce,6
Sous 10 jours ,54,39,11,Artisans du Velay - Brives-Charensac,19
Sous 10 jours ,54,46,21,Brochard - Saint-Maur - E-commerce,13
Sous 10 jours ,54,42,23,Dufrançais - Abrest,11
Sous 10 jours ,54,43,24,Sodimat - Choisy-au-Bac,16
Sur commande,54,36,22,Broulard Matériaux - Sourzac - E-commerce,23
,53,36,13,Cayreyre - Rosières,15
,53,22,9,Stoker - Saulieu,1
,53,31,11,Trullen - Dun-le-Palestel,6
Disponibilité selon magasin,53,38,23,Bénatru - Salaise-sur-Sanne,9
Disponibilité selon magasin,53,40,24,Vallier - Saint-Pierre-en-Faucigny,21
Disponibilité selon magasin,53,39,26,Vialleix  - Bort-les-Orgues,9
En stock,53,41,19,Derrey - Bruyères - E-commerce,16
Sous 10 jours ,53,33,9,Broulard Matériaux - Sourzac - E-commerce,19
Sous 10 jours ,53,42,17,Martinique Matériaux - Lamentin (Martinique),8
Sous 10 jours ,53,42,15,Sahores - Orthez - E-commerce,11
Sur commande,53,41,28,GBMC - Pirey,19
Sur commande,53,40,32,Mathieu - Audun-le-Roman - E-commerce,13
,52,34,11,Balagne Matériaux - Morosaglia - E-commerce,12
Disponibilité selon magasin,52,40,24,Raynal - Manzat,13
En stock,52,44,33,Jacq - Callac - E-commerce,23
Sous 3 jours ,52,46,36,Cazorro Matériaux - Portet-sur-Garonne - E-commerce,14
Sur commande,52,31,19,Derrey - Laneuveville-devant-Nancy - E-commerce,14
Disponibilité selon magasin,51,35,15,Cayreyre - Aubenas,5
Disponibilité selon magasin,51,36,12,Sodimat - Attichy,12
En stock,51,42,23,Derrey - Pulnoy - E-commerce,10
Sous 10 jours ,51,46,26,Henrio PPI - Lanester,18
Sur commande,51,35,20,Vibraye Matériaux - Vibraye - E-commerce,8
Disponibilité selon magasin,50,37,18,BRIQUETERIE DARLON - ARLON,18
Disponibilité selon magasin,50,36,16,Léger - Villeperdue,11
Disponibilité selon magasin,50,33,22,Stock du Gatinais - Ouzouer-sur-Loire,16
En stock,50,33,17,Derrey - Étival-Clairefontaine - E-commerce,12
En stock,50,42,28,Farel Clavel - LIsle-sur-la-Sorgue - E-commerce,19
Sous 10 jours ,50,39,29,Bâti-Colman - Rosbruck,24
Sous 10 jours ,50,36,14,Delmonico Dorel - Pierrelatte - E-commerce,11
Sous 10 jours ,50,37,20,François Matériaux - Bessières - E-commerce,14
Sur commande,50,29,16,Socramat - Laval,17
Disponibilité selon magasin,49,45,21,CGB - Nogent-sur-Seine,11
Disponibilité selon magasin,49,33,12,Fourgeaud - Chasseneuil-sur-Bonnieure,18
Disponibilité selon magasin,49,34,19,Sosaca - Grimaud,11
En stock,49,37,12,MCF - Cosne-dAllier - E-commerce,8
Sur commande,49,37,24,Bracq - Orbec,17
,48,37,20,Bonnefoy Pascal - Costaros - E-commerce,9
,48,30,12,Sosaca - Toulon,13
Disponibilité selon magasin,48,41,34,Sosaca - Hyères,10
Disponibilité selon magasin,48,34,17,Vallier - Marignier,7
Sous 10 jours ,48,32,25,Bianucci Matériaux - Uzes,24
Sous 10 jours ,48,37,11,Bouillier Matériaux - Saint-Amour,16
Sous 10 jours ,48,29,10,CGB - Bray-sur-Seine,12
Sur commande,48,33,19,Brochard - Vierzon - E-commerce,18
Sur commande,48,36,18,Durruty Matériaux - Bayonne - E-commerce,10
En stock,47,35,15,Borgo Matériaux - Borgo - E-commerce,12
En stock,47,33,16,Labenne Rougier - La Réole - E-commerce,12
Sous 10 jours ,47,36,18,Baffet Matériaux - Objat,10
Sous 10 jours ,47,28,9,Bléger - Hilsenheim,22
Sous 10 jours ,47,30,14,Multimat Étain - Étain,16
Sous 10 jours ,47,38,20,Terrasson - Vivonne,11
Sur commande,47,37,22,Durruty Matériaux - Bénesse-Maremne - E-commerce,12
Sur commande,47,36,16,Gautier Matériaux - Puymoyen,16
,46,32,16,Pomes Darré - Marciac,12
,46,33,16,Sosaca - Grimaud,12
Disponibilité selon magasin,46,35,13,Baffet Matériaux - Objat,6
Disponibilité selon magasin,46,32,24,DBM - Saint-Gilles,10
Disponibilité selon magasin,46,34,22,Viviès - Baie-Mahault (Guadeloupe),26
En stock,46,38,24,Delmonico Dorel - Pierrelatte - E-commerce,7
Sous 10 jours ,46,39,26,Gautier Matériaux - Puymoyen,10
Sous 10 jours ,46,32,16,Jacq - Quimper - E-commerce,21
Sur commande,46,28,13,Brochard - Poilly-lez-Gien - E-commerce,8
,45,19,8,Bernon - Le Collet-de-Dèze,72
,45,37,17,Bouillier Matériaux - Orgelet,7
Disponibilité selon magasin,45,31,18,Dufrançais - Courpière,16
Disponibilité selon magasin,45,34,20,Stock du Gatinais - Juranville,12
En stock,45,34,19,Farel Clavel - Remoulins - E-commerce,11
Sous 10 jours ,45,34,17,Bray - Brasles,6
Sous 10 jours ,45,34,20,Bruant - Rue - E-commerce,14
Sous 10 jours ,45,40,19,François Matériaux - Millau - E-commerce,8
,44,22,10,Stoker - Fleurey-sur-Ouche,13
Disponibilité selon magasin,44,30,19,Datas - Vic-Fezensac,13
Disponibilité selon magasin,44,38,28,Martinique Matériaux - Fort-de-France (Martinique),7
Disponibilité selon magasin,44,34,25,Matériaux Lacoste - Maiche,8
Disponibilité selon magasin,44,34,19,Périgord Matériaux - Brantôme en Périgord,13
En stock,44,29,14,Farel Clavel - Rochefort-du-Gard - E-commerce,11
Sous 10 jours ,44,39,20,Marion Matériaux - Limoux,9
Sur commande,44,35,25,Envain Matériaux - Baisieux,18
,43,35,16,Vallier - Taninges,9
Disponibilité selon magasin,43,38,18,Gautier Matériaux - Montmoreau-Saint-Cybard,5
Disponibilité selon magasin,43,31,15,Sosaca - Draguignan,16
Sous 10 jours ,43,32,13,Baffet Matériaux - Saint-Pantaléon-de-Larche,8
Sous 10 jours ,43,28,13,Bénatru - Salaise-sur-Sanne,15
Sous 10 jours ,43,38,23,Delmonico Dorel - Saint-Vallier,10
Sous 10 jours ,43,33,15,Stock du Gatinais - Juranville,9
Sur commande,43,33,15,Charbonnier - Baudemont - E-commerce,8
,42,33,10,Courby - Les Ollières-sur-Eyrieux,9
Disponibilité selon magasin,42,31,19,Bernard Reymond - Gap,4
Disponibilité selon magasin,42,29,14,Négomat - Villars-les-Dombes,15
Disponibilité selon magasin,42,34,22,SECB - Bellac,22
Disponibilité selon magasin,42,31,22,Sosaca - Saint-Maximin-la-Sainte-Baume,16
Disponibilité selon magasin,42,32,16,Vialleix  - Ussel,17
En stock,42,34,16,Derrey - Vézelise - E-commerce,8
Sous 10 jours ,42,28,14,Jacq - Châteauneuf-du-Faou - E-commerce,12
Sous 10 jours ,42,32,15,Quissac Matériaux - Quissac,13
Sur commande,42,34,23,Joly - Pierre-de-Bresse - E-commerce,8
,41,27,14,Bonnefoy Pascal - Grandrieu - E-commerce,14
Disponibilité selon magasin,41,35,18,Bernard Reymond - Puy-Saint-André,16
Disponibilité selon magasin,41,21,8,CGB - Bar-sur-Seine,14
Disponibilité selon magasin,41,22,13,Matériaux Jobert - Charny,10
Sous 10 jours ,41,31,20,Bléger - Colmar,15
Sous 10 jours ,41,27,12,Durruty Matériaux - Messanges - E-commerce,16
Sous 10 jours ,41,31,14,François Matériaux - Marssac-sur-Tarn - E-commerce,15
Sous 10 jours ,41,30,19,Lesimple - Corcoué-sur-Logne - E-commerce,23
Sous 10 jours ,41,24,8,Lorcamat - Koenigsmacker,9
Sous 10 jours ,41,29,15,Mathieu - Audun-le-Roman - E-commerce,9
Sous 10 jours ,41,35,22,Négomat - Jassans-Riottier,10
Sur commande,41,34,25,Granville Matériaux - Saint-Pair-sur-Mer - E-commerce,13
Sur commande,41,33,17,Ligouy - Épieds-en-Beauce,18
,40,24,10,Dumeil - Blesle,3
,40,26,10,Pierron et Fils - Saint-Maurice-sous-les-Côtes,11
Disponibilité selon magasin,40,32,29,Bon et Bosc - Cadours,22
Disponibilité selon magasin,40,17,7,Bray - Charly-sur-Marne,13
Disponibilité selon magasin,40,33,21,Larroque - Saint-Michel-Loubéjou,5
Disponibilité selon magasin,40,29,13,Lorcamat - Sarralbe,14
Disponibilité selon magasin,40,32,24,Matériaux Jobert - Villeneuve-sur-Yonne,14
Disponibilité selon magasin,40,33,15,Pagani Distribution - Saint-Lupicin,16
Disponibilité selon magasin,40,35,16,Raynal - Gannat,9
Disponibilité selon magasin,40,25,20,Tonetti - Aubagne,15
Sous 10 jours ,40,27,13,Matériaux Lacoste - Maiche,14
Sous 10 jours ,40,28,15,Vallier - Marignier,7
Sur commande,40,27,13,Matériaux Picards - Villers-Bretonneux - E-commerce,10
,39,31,15,Charbonnier - Saint-Nizier-dAzergues,8
Disponibilité selon magasin,39,26,14,Brico Bâti Leveilleau - Conlie,8
Disponibilité selon magasin,39,29,9,Trullen - Lavaveix-les-Mines,5
En stock,39,28,13,François Matériaux - La Primaube - E-commerce,7
Sous 10 jours ,39,32,7,Delmonico Dorel - Rive-de-Gier,9
Sous 10 jours ,39,29,18,Kammerer - Hirsingue,17
Sous 10 jours ,39,29,16,Weiss - Wasselonne,10
Sur commande,39,29,18,Bouchard - Lombez - E-commerce,7
Sur commande,39,31,23,Sat Matériaux - Joué-lès-Tours,17
,38,21,11,Carladez Matériaux - Mur-de-Barrez,6
,38,22,7,Lafon - Vic-sur-Cère,11
,38,32,6,Saint-Martin Matériaux - Saint-Martin,6
Disponibilité selon magasin,38,28,21,Baffet Matériaux - Saint-Pantaléon-de-Larche,4
Disponibilité selon magasin,38,32,23,Envain Matériaux - Wallers,18
Disponibilité selon magasin,38,30,22,Guenée Matériaux - Mortain,14
Disponibilité selon magasin,38,32,23,Raffort - Passy,6
Sous 10 jours ,38,28,24,Bray - Châtillon-sur-Marne,22
Sous 10 jours ,38,25,11,Brochard - Cosne-Cours-sur-Loire - E-commerce,3
Sous 10 jours ,38,29,11,Cabia Matériaux - Clamecy,9
Sous 10 jours ,38,28,12,Charbonnier - Baudemont - E-commerce,10
Sous 10 jours ,38,34,23,Delmonico Dorel - Le Pouzin,12
Sur commande,38,30,14,Boromat - Ambert - E-commerce,9
,37,16,6,Guenée Matériaux - Louvigné-du-Désert,5
Disponibilité selon magasin,37,29,18,Envain Matériaux - Saint-Amand-les-Eaux,31
Disponibilité selon magasin,37,29,18,Sodimat - Noyon,12
Sous 10 jours ,37,29,13,CGB - Nogent-sur-Seine,7
Sous 10 jours ,37,26,13,GCCO - Autun - E-commerce,14
Sous 10 jours ,37,26,14,Gouéry - Breuilpont,10
Sous 10 jours ,37,25,6,Trullen -  Le Grand-Bourg,12
Sur commande,37,25,6,Artisans du Velay - Brives-Charensac,7
Sur commande,37,30,25,Datas - Seissan - E-commerce,9
Sur commande,37,22,6,Derrey - Longeville-en-Barrois - E-commerce,13
Sur commande,37,30,16,GBMC - Dole,14
,36,19,19,Bernard Reymond - Chateauvieux,10
,36,29,10,Sosaca - La Motte,7
Disponibilité selon magasin,36,27,16,Bléger - Wintzenheim,8
Disponibilité selon magasin,36,25,13,Bouillier Matériaux - Bletterans,11
Disponibilité selon magasin,36,30,8,Cayreyre - Lalevade-dArdèche,2
Disponibilité selon magasin,36,28,21,Charbonnier - Génelard,11
Disponibilité selon magasin,36,27,14,Delmonico Dorel - Le Teil,12
En stock,36,24,12,Brunel - Lunel - E-commerce,7
En stock,36,28,13,Flamary - Argentat-sur-Dordogne - E-commerce,8
Sous 10 jours ,36,30,18,Augier - Saint-Romain-en-Viennois,10
Sous 10 jours ,36,25,9,D.M.T - La Tremblade,13
Sous 10 jours ,36,27,17,Envain Matériaux - Wallers,18
Sous 10 jours ,36,23,14,François Matériaux - Saint-Affrique,11
Sur commande,36,24,9,Bâti-Colman - Rosbruck,8
Sur commande,36,23,14,Terrasson - Vouillé,10
Disponibilité selon magasin,35,27,20,D.M.T - La Tremblade,10
Disponibilité selon magasin,35,32,23,François Matériaux - Saint-Affrique,9
Disponibilité selon magasin,35,31,26,Moreau Matériaux - Saint-Varent,21
Sous 10 jours ,35,27,6,Boromat - Ambert - E-commerce,7
Sous 10 jours ,35,19,13,Derrey - Épinal - E-commerce,12
Sous 10 jours ,35,27,13,Flamary - Saint-Priest-de-Gimel,2
Sous 10 jours ,35,22,11,Marion Matériaux - Quillan,8
Sous 10 jours ,35,25,17,Sosaca - La Seyne-sur-Mer,12
Sous 10 jours ,35,27,11,Spire - Sault-lès-Rethel,6
Sous 10 jours ,35,24,15,Tonetti - Aubagne,5
Sur commande,35,26,12,Guenée Matériaux - Lecousse,9
,34,23,10,Sosaca - Les Arcs,5
Disponibilité selon magasin,34,25,10,Bléger - Sélestat,2
Disponibilité selon magasin,34,27,9,Dumeil - Blesle,7
Disponibilité selon magasin,34,27,20,Matériaux Darnand - Marboz,12
En stock,34,30,22,Labenne Rougier - Pessac - E-commerce,12
Sous 10 jours ,34,20,6,Flamary - Argentat-sur-Dordogne - E-commerce,1
Sous 10 jours ,34,30,22,Matériaux Picards - Montdidier - E-commerce,1
Sous 10 jours ,34,21,9,Sodimat - Formerie,18
Sous 7 jours ,34,28,16,Cazorro Matériaux - Auterive - E-commerce,4
Sur commande,34,25,12,Bracq - Cambrai - E-commerce,4
Sur commande,34,28,19,Talbot - Marennes,6
,33,22,16,Comptoir des Matériaux - Bucey-lès-Gy,9
,33,23,14,Périgord Matériaux - Saint-Martial-de-Valette,5
Disponibilité selon magasin,33,24,20,Matériaux Périgourdins - Coulounieix-Chamiers,13
Disponibilité selon magasin,33,21,9,Pramat - Florac-Trois-Rivières,6
Disponibilité selon magasin,33,23,12,Quissac Matériaux - Quissac,5
Disponibilité selon magasin,33,26,17,Trullen -  Le Grand-Bourg,3
En stock,33,28,16,François Matériaux - Millau - E-commerce,6
Sous 10 jours ,33,25,12,Guenée Matériaux - Saint-James,5
Sous 10 jours ,33,21,9,Larroque - Saint-Michel-Loubéjou,4
Sous 10 jours ,33,25,16,Trichet - Hirson - E-commerce,5
Sur commande,33,22,14,Barthelemy - Marseille,18
Sur commande,33,31,23,Guenée Matériaux - Sens-de-Bretagne,17
Sur commande,33,23,17,Montagnat - Saint-Jean-de-Bournay,11
Sous 10 jours ,32,23,13,CGB - Nangis,8
Sous 10 jours ,32,23,12,François Matériaux - Gaillac - E-commerce,11
Sous 10 jours ,32,24,12,Guenée Matériaux - Mortain,14
Disponibilité selon magasin,31,23,10,Trullen - Dun-le-Palestel,0
En stock,31,15,10,Jacq - Bannalec - E-commerce,14
Sous 10 jours ,31,28,14,CGB - Maizières-la-Grande-Paroisse,5
Sous 10 jours ,31,25,14,Delmonico Dorel - Montelimar,10
Sous 10 jours ,31,21,12,Envain Matériaux - Lieu-Saint-Amand,10
Sous 10 jours ,31,23,10,François Matériaux - Espalion - E-commerce,5
Sous 10 jours ,31,27,19,Provibat - Riorges - E-commerce,7
Sous 10 jours ,31,25,17,Raynal - Manzat,18
Sous 10 jours ,31,25,13,SECB - Bellac,13
Sur commande,31,20,9,Lorcamat - Montoy-Flanville,7
,30,13,5,Materiaux de la gaume - Saint-Mard,5
Disponibilité selon magasin,30,22,10,Lorcamat - Lemud,6
Disponibilité selon magasin,30,22,17,Montagnat - Jardin,6
Disponibilité selon magasin,30,23,10,Vallier - Taninges,14
Sous 10 jours ,30,23,11,Envain Matériaux - Orchies,5
Sous 10 jours ,30,22,6,Fourgeaud - Chasseneuil-sur-Bonnieure,9
Sous 10 jours ,30,26,19,Pomes Darré - Tournay,10
Sous 10 jours ,30,19,7,Spire - Rozoy-sur-Serre,7
Sur commande,30,25,18,Maury - Saint-Médard-dExcideuil - E-commerce,6
Sur commande,30,23,15,Sophonet - Marseille,20
Sur commande,30,18,9,Spire - Sedan,3
Sur commande,30,25,14,Tonetti - La Ciotat,8
Disponibilité selon magasin,29,24,12,GBMC - Val de Saône - Mirebeau sur Bèze,2
Disponibilité selon magasin,29,21,12,Lorcamat - Rohrbach-lès-Bitche,1
Disponibilité selon magasin,29,22,8,Marion Matériaux - Quillan,7
Disponibilité selon magasin,29,25,16,Martinique Matériaux - Lamentin (Martinique),3
Disponibilité selon magasin,29,21,15,Vallier - Viuz-en-Sallaz,9
Sous 10 jours ,29,19,7,Matériaux Maitre - Saint-Trivier-de-Courtes,4
Sur commande,29,24,15,Borgo Matériaux - Borgo - E-commerce,10
Sur commande,29,22,19,CGB Troyes - Lavau,3
Sur commande,29,24,15,Cayreyre - Aubenas,6
Sur commande,29,24,9,Lorcamat - Yutz,9
Sur commande,29,19,7,Matériaux Picards - Montdidier - E-commerce,7
Sur commande,29,26,12,Spire - Charleville-Mézières,6
Disponibilité selon magasin,28,19,10,Datas - Masseube,5
Disponibilité selon magasin,28,20,11,Garrigues - Rieupeyroux,8
Disponibilité selon magasin,28,19,8,Martinique Matériaux - Rivière-Salée (Martinique),8
Disponibilité selon magasin,28,21,15,Pomes Darré - Plaisance du Gers,13
Disponibilité selon magasin,28,22,11,Sosaca - Toulon,3
Sous 10 jours ,28,20,10,Cayreyre - Lalevade-dArdèche,6
Sous 10 jours ,28,22,12,Charbonnier - Génelard,8
Sous 10 jours ,28,19,10,Gautier Matériaux - Montmoreau-Saint-Cybard,7
Sous 10 jours ,28,23,15,Périgord Matériaux - Brantôme en Périgord,3
Sur commande,28,21,13,Sodimat - Bresles,10
,27,17,11,Saint Paulienne - Saint-Paul-le-Jeune,3
Disponibilité selon magasin,27,20,15,Matériaux Bressans - Montrevel-en-Bresse,7
Disponibilité selon magasin,27,21,14,Multimat Étain - Étain,15
Disponibilité selon magasin,27,21,11,Sud Ardennes Matériaux -  Vouziers,2
En stock,27,23,11,MCF - Varennes-sur-Allier - E-commerce,4
Sous 10 jours ,27,19,5,Brochard - Poilly-lez-Gien - E-commerce,3
Sous 10 jours ,27,16,8,Derrey - Longeville-en-Barrois - E-commerce,9
Sous 10 jours ,27,20,9,Millancourt et Nicolas - Oisemont - E-commerce,9
Sous 10 jours ,27,19,11,Vallier - Saint-Pierre-en-Faucigny,9
Sur commande,27,22,10,Bonnefoy Pascal - Saint-André-Capcèze - E-commerce,0
Sur commande,27,22,10,Flamary - Argentat-sur-Dordogne - E-commerce,7
,26,18,8,Lafon - Maurs,3
,26,24,12,Stoker - Bligny-sur-Ouche,8
Disponibilité selon magasin,26,22,16,Lorcamat - Koenigsmacker,7
Disponibilité selon magasin,26,21,15,Mercier - Onet-le-Château,8
En stock,26,19,9,Cazorro Matériaux - Auterive - E-commerce,8
Sous 10 jours ,26,18,4,COLLOT - NANINNE,8
Sous 10 jours ,26,19,12,François Matériaux - Aubin - E-commerce,7
Sous 10 jours ,26,17,11,Matériaux de Maintenon - Maintenon - E-commerce,9
Sur commande,26,20,9,Alti Matériaux - Sainte-Sigolène,8
Sur commande,26,20,12,Legrand - Mondoubleau - E-commerce,3
Disponibilité selon magasin,25,21,17,Spire - Sault-lès-Rethel,10
Disponibilité selon magasin,25,18,9,Stoker - Saulieu,4
En stock,25,18,13,François Matériaux - Saint-Benoît-de-Carmaux - E-commerce,6
Sous 10 jours ,25,20,14,Lauzin - Valence dAgen - E-commerce,10
Sous 10 jours ,25,22,10,Peuzin et Cie - Serres,3
Sous 10 jours ,25,20,13,Terral - Lacaune - E-commerce,5
Sous 8 jours ,25,16,5,François Matériaux - Figeac - E-commerce,2
Sur commande,25,19,14,Bessy-Chauvet - Saint-Peray,9
Sur commande,25,20,14,Delmonico Dorel - LHorme,10
Sur commande,25,20,11,Viviès - Baie-Mahault (Guadeloupe),3
Disponibilité selon magasin,24,18,8,Derrey - Ligny-en-Barrois,9
Disponibilité selon magasin,24,20,13,Guenée Matériaux - Saint-James,4
Disponibilité selon magasin,24,18,7,Matériaux de Maintenon - Hanches,13
En stock,24,19,9,François Matériaux - Saint-Flour - E-commerce,3
Sous 10 jours ,24,18,9,François Matériaux - Couffouleux - E-commerce,12
Sous 10 jours ,24,15,7,Joly - Sagy - E-commerce,7
Sous 10 jours ,24,15,8,Millancourt et Nicolas - Gamaches - E-commerce,10
Sous 10 jours ,24,19,9,Socomatra - Nouméa,6
Sur commande,24,22,13,Charbonnier - Charolles - E-commerce,5
Sur commande,24,13,7,Gouéry - Breuilpont,8
Sur commande,24,16,7,Maisonnier - LIsle-Jourdain - E-commerce,5
Sur commande,24,19,16,Socomat  - Tignieu-Jameyzieu,5
,23,19,13,Bonnefoy Pascal - Coucouron - E-commerce,4
Disponibilité selon magasin,23,21,18,Augier - Saint-Romain-en-Viennois,6
Disponibilité selon magasin,23,16,9,Brochard Couverture - Saint-Germain-du-Puy,5
Disponibilité selon magasin,23,18,6,Périgord Matériaux - Saint-Martial-de-Valette,6
Disponibilité selon magasin,23,18,11,Sodimat - Grandvilliers,7
Disponibilité selon magasin,23,19,11,Terrasson - Saint-Maurice-la-Clouère,4
Sous 10 jours ,23,17,9,Brico Bâti Leveilleau - Conlie,7
Sous 10 jours ,23,13,6,François Matériaux - Baraqueville - E-commerce,6
Sous 10 jours ,23,15,7,Matériaux Bressans - Montrevel-en-Bresse,12
Sous 10 jours ,23,16,6,Terrasson - Saint-Maurice-la-Clouère,6
Sous 10 jours ,23,16,6,Vialleix Brico - Bort-les-Orgues - E-commerce,5
Sur commande,23,20,13,Brochard - Belleville-sur-Loire - E-commerce,2
Sur commande,23,18,13,François Matériaux - Gaillac - E-commerce,7
Sur commande,23,20,12,Provibat - Charlieu - E-commerce,2
Sur commande,23,19,14,Revillard - Cruseilles,9
Disponibilité selon magasin,22,16,7,Dufrançais - Cunlhat,7
Disponibilité selon magasin,22,20,11,Guenée Matériaux - Maen Roch,6
Disponibilité selon magasin,22,12,4,Périgord Matériaux - Piégut-Pluviers,2
En stock,22,17,9,Cazorro Matériaux - Carbonne - E-commerce,7
Sous 10 jours ,22,19,13,François Matériaux - Villefranche-de-Rouergue - E-commerce,5
Sous 10 jours ,22,17,7,Garrigues - Rieupeyroux,11
Sous 10 jours ,22,18,11,Lesimple - Treillières - E-commerce,6
Sous 10 jours ,22,19,15,Matériaux Périgourdins - Coulounieix-Chamiers,7
Sur commande,22,18,15,Béarn Matériaux - Morlaas,10
Sur commande,22,16,12,Ferrand - Vannes,16
Sur commande,22,17,10,Lombard - Thonon-les-Bains,6
Sur commande,22,17,11,Martinique Matériaux - Fort-de-France (Martinique),6
Sur commande,22,19,15,Sosaca - Montauroux,10
,21,10,1,NEUBAT - ESNEUX,0
Disponibilité selon magasin,21,18,7,GBMC - Val de Saône - Champlitte,6
En stock,21,15,9,Balagne Matériaux - Calvi - E-commerce,6
Sous 10 jours ,21,15,6,Derrey - Étival-Clairefontaine - E-commerce,4
Sous 10 jours ,21,18,11,Dufrançais - Cunlhat,0
Sous 10 jours ,21,16,8,Guenée Matériaux - Maen Roch,7
Sous 10 jours ,21,17,11,Lorcamat - Rombas,8
Sous 10 jours ,21,13,5,Pagani Distribution - Saint-Lupicin,5
Sous 10 jours ,21,14,5,Périgord Matériaux - Saint-Martial-de-Valette,5
Sous 10 jours ,21,15,6,Sosaca - Grimaud,7
Sur commande,21,17,11,Delmonico Dorel - Davezieux,4
Sur commande,21,6,2,Henrio - Mellac - E-commerce,3
Sur commande,21,16,10,Imbert - Fourmies - E-commerce,3
Sur commande,21,15,10,Kammerer - Hirsingue,6
Sur commande,21,15,6,Matériaux Jobert - Villeneuve-sur-Yonne,6
,20,14,6,Cayreyre - Saint-Maurice-dArdèche,5
Disponibilité selon magasin,20,16,11,CGB - Bray-sur-Seine,4
Disponibilité selon magasin,20,16,9,Raynal - Champs,4
Disponibilité selon magasin,20,14,7,Sosaca - Le luc,11
Disponibilité selon magasin,20,13,8,Sosaca - Les Arcs,2
Sous 10 jours ,20,19,13,Baffet Matériaux - Brive-la-Gaillarde,3
Sous 10 jours ,20,17,11,Bernard Reymond - Puy-Saint-André,2
Sous 10 jours ,20,13,4,Legrand - Mondoubleau - E-commerce,6
Sous 10 jours ,20,15,7,Lesimple - Gétigné - E-commerce,3
Sous 10 jours ,20,16,14,Montagnat - Jardin,6
Sous 10 jours ,20,15,11,Stock du Gatinais - Ouzouer-sur-Loire,9
Sous 10 jours ,20,15,7,Vibraye Matériaux - Vibraye - E-commerce,6
Sous 10 jours ,20,15,8,Vilvert - Sainte-Foy-lArgentière - E-commerce,12
Sur commande,20,16,6,Boulard Verdier - Clermont-Ferrand - E-commerce,3
Sur commande,20,12,4,Bray - Mouroux,7
Sur commande,20,17,15,Henrio PPI - Lanester,8
Sur commande,20,16,10,Millancourt et Nicolas - Eu - E-commerce,4
Sur commande,20,14,12,Unibois - Lure - E-commerce,4
Disponibilité selon magasin,19,14,10,Bouillier Matériaux - Saint-Amour,4
Disponibilité selon magasin,19,15,7,Pomes Darré - Castelnau,8
Sous 10 jours ,19,17,5,Brochard - Belleville-sur-Loire - E-commerce,7
Sous 10 jours ,19,15,11,Cazorro Matériaux - Martres-Tolosane,5
Sous 10 jours ,19,12,4,Jacq - Pont-lAbbé - E-commerce,4
Sous 10 jours ,19,10,3,Matériaux Jobert - Charny,4
Sous 10 jours ,19,17,10,Matériaux Jobert - Villeneuve-sur-Yonne,6
Sous 10 jours ,19,10,6,Sosaca - La Motte,8
Sous 10 jours ,19,13,7,Trullen - Lavaveix-les-Mines,2
Sur commande,19,16,12,Ballivy - Ambronay,5
Sur commande,19,12,2,COLLOT - NANINNE,2
Sur commande,19,14,7,François Matériaux - Millau - E-commerce,4
Sur commande,19,14,9,Marion Matériaux - Limoux,4
,18,13,9,Raynal - Champs,5
,18,14,4,Sosaca - Taradeau,2
Disponibilité selon magasin,18,15,10,Artisans du Velay - Brives-Charensac,6
Disponibilité selon magasin,18,12,6,Bernard Reymond - Embrun,0
Disponibilité selon magasin,18,15,14,Bléger - Hilsenheim,1
Sous 10 jours ,18,16,10,Bléger - Wintzenheim,5
Sous 10 jours ,18,12,9,DBM - Saint-Gilles,11
Sous 10 jours ,18,14,10,Dufrançais - Courpière,3
Sous 10 jours ,18,14,6,Durruty Matériaux - Larressore - E-commerce,1
Sous 10 jours ,18,14,8,Kammerer - Waldighoffen,4
Sous 10 jours ,18,9,1,Materiaux de la gaume - Saint-Mard,3
Sous 10 jours ,18,14,9,Sud Ardennes Matériaux -  Vouziers,5
Sur commande,18,11,6,Bonnefoy Pascal - Costaros - E-commerce,0
Sur commande,18,11,7,Culoz Matériaux - Culoz,4
Sur commande,18,11,5,Derrey - Sainte-Marguerite - E-commerce,7
Sur commande,18,11,3,Quissac Matériaux - Quissac,6
Sur commande,18,13,10,Saint Paulienne - Rousson,14
Sur commande,18,14,8,Vallier - Ville-la-Grand,7
,17,15,6,Bianucci Matériaux - Rodilhan,2
Disponibilité selon magasin,17,13,8,Bouillier Matériaux - Cousance,3
Disponibilité selon magasin,17,9,5,COLLOT - NANINNE,3
Disponibilité selon magasin,17,15,10,Cayreyre - Rosières,4
Disponibilité selon magasin,17,13,8,Courby - Les Ollières-sur-Eyrieux,2
Disponibilité selon magasin,17,15,10,Delmonico Dorel - Saint-Just-dArdèche,2
Disponibilité selon magasin,17,13,7,Périgord Matériaux - Javerlhac,2
En stock,17,13,8,Durruty Matériaux - Messanges - E-commerce,4
En stock,17,15,10,François Matériaux - Bessières - E-commerce,4
Sous 10 jours ,17,8,1,Dumeil - Brioude - E-commerce,4
Sous 10 jours ,17,11,4,François Matériaux - Saint-Benoît-de-Carmaux - E-commerce,4
Sous 10 jours ,17,14,11,Mercier - Onet-le-Château,4
Sous 10 jours ,17,14,11,Rolampont - Rolampont - E-commerce,2
Sous 10 jours ,17,14,7,Sodimat - Attichy,2
Sur commande,17,16,11,Bernard Reymond - Gap,4
Sur commande,17,13,4,Derrey - Vézelise - E-commerce,9
Sur commande,17,14,9,Dornet Matériaux - MERU,6
Sur commande,17,17,10,Envain Matériaux - Pont-à-Marcq,10
Sur commande,17,13,7,François Matériaux - Aubin - E-commerce,4
Sur commande,17,15,12,Obré Matériaux - Canet-en-Roussillon,10
Sur commande,17,11,5,Stoker - Pouilly-en-Auxois - E-commerce,4
,16,16,1,KM MATERIAUX - JAHLAY,0
Disponibilité selon magasin,16,14,9,Peuzin et Cie - Serres,1
Disponibilité selon magasin,16,13,7,SDM - Les Vans,1
En stock,16,9,4,Joly - Sagy - E-commerce,4
Sous 10 jours ,16,13,6,Anchetti - Sagone,4
Sous 10 jours ,16,14,7,Balagne Matériaux - Corte - E-commerce,3
Sous 10 jours ,16,10,5,Charbonnier - Chauffailles - E-commerce,1
Sous 10 jours ,16,14,9,Datas - Vic-Fezensac,4
Sous 10 jours ,16,11,7,Farel Clavel - Uzes - E-commerce,2
Sous 10 jours ,16,8,2,Labenne Rougier - Léon - E-commerce,2
Sous 10 jours ,16,13,9,Maury - Saint-Médard-dExcideuil - E-commerce,2
Sous 10 jours ,16,13,7,Sodimat - Grandvilliers,5
Sous 10 jours ,16,12,8,Vallier - Viuz-en-Sallaz,7
Sous 10 jours ,16,14,8,Vialleix  - Ussel,6
Sous 7 jours ,16,10,6,Cazorro Matériaux - Carbonne - E-commerce,5
Sur commande,16,11,7,Baffet Matériaux - Objat,5
Sur commande,16,10,6,Bianucci Matériaux - Nîmes,7
Sur commande,16,10,4,Bouillier Matériaux - Cousance,1
Sur commande,16,13,8,Lesimple - Varades,4
Sur commande,16,13,13,Matériaux Normands - Sainte-Marie-des-Champs - E-commerce,3
Disponibilité selon magasin,15,11,6,COMOBE - BARVAUX SUR OURTHE,2
Disponibilité selon magasin,15,11,9,GENAPPE MATERIAUX - BAISY THY,3
Sous 10 jours ,15,11,7,Bernard Reymond - Embrun,2
Sous 10 jours ,15,11,7,Bouillier Matériaux - Cousance,5
Sous 10 jours ,15,12,7,Léger - Villeperdue,0
Sous 10 jours ,15,10,6,Millancourt et Nicolas - Morvillers-Saint-Saturnin - E-commerce,3
Sous 10 jours ,15,13,9,Moreau Matériaux - Saint-Varent,6
Sous 10 jours ,15,12,9,Vialleix  - Bort-les-Orgues,3
Sur commande,15,10,5,Bléger - Colmar,2
Sur commande,15,11,11,Boulogne - Abymes,3
Sur commande,15,9,7,François Matériaux - Villefranche-de-Rouergue - E-commerce,3
Sur commande,15,13,6,GCCO - Luzy - E-commerce,2
Sur commande,15,10,4,Pramat - Florac-Trois-Rivières,7
Sur commande,15,11,8,Vaxivière - Eymoutiers,2
,14,10,2,DEVIERE-DUMONT & FILS - VILLERS-SAINT-GHISLAIN,1
Disponibilité selon magasin,14,12,11,Lorcamat - Cons-la-Grandville,4
Disponibilité selon magasin,14,11,8,Pomes Darré - Lalanne-Trie,1
Disponibilité selon magasin,14,13,7,Sodimat - Formerie,3
Sous 10 jours ,14,13,11,Cazorro Matériaux - Auterive - E-commerce,4
Sous 10 jours ,14,12,10,Farel Clavel - Avignon - E-commerce,3
Sous 10 jours ,14,10,7,Feignies - Feignies - E-commerce,0
Sous 10 jours ,14,10,5,Lorcamat - Sarralbe,3
Sous 10 jours ,14,8,6,Pomes Darré - Plaisance du Gers,11
Sous 10 jours ,14,9,7,Saint Paulienne - Saint-Paul-le-Jeune,3
Sur commande,14,12,8,Bouillier Matériaux - Perrigny,3
Sur commande,14,11,6,Envain Matériaux - Valenciennes,2
Sur commande,14,10,6,François Matériaux - Bessières - E-commerce,7
Sur commande,14,12,9,François Matériaux - La Primaube - E-commerce,3
Sur commande,14,7,4,Joly - Sagy - E-commerce,4
Sur commande,14,13,10,Matériaux Normands - Totes - E-commerce,1
Sur commande,14,13,9,Trichet - Hirson - E-commerce,1
Disponibilité selon magasin,13,6,4,Charbonnier - Saint-Nizier-dAzergues,2
Disponibilité selon magasin,13,11,9,GBMC - Val de Saône - Arc Lès Gray,1
Disponibilité selon magasin,13,10,8,Matériaux Maitre - Saint-Trivier-de-Courtes,3
Disponibilité selon magasin,13,12,5,Saint Paulienne - Saint-Paul-le-Jeune,2
Sous 10 jours ,13,10,4,Bléger - Sélestat,2
Sous 10 jours ,13,12,9,CGB - Châtillon-sur-Seine,0
Sous 10 jours ,13,12,8,Comptoir des Matériaux - Bucey-lès-Gy,5
Sous 10 jours ,13,9,2,Datas - Masseube,2
Sous 10 jours ,13,10,6,Farel Clavel - Carpentras - E-commerce,4
Sous 10 jours ,13,10,7,Lesimple - Blain - E-commerce,6
Sous 10 jours ,13,7,5,Manen - Anduze,5
Sous 10 jours ,13,10,5,Raynal - Gannat,2
Sous 10 jours ,13,9,6,Sosaca - Draguignan,7
Sous 10 jours ,13,11,9,Sosaca - Hyères,2
Sous 10 jours ,13,10,5,Sosaca - Les Arcs,8
Sur commande,13,10,6,Bray - Brasles,4
Sur commande,13,10,5,Brunel - Lunel - E-commerce,1
Sur commande,13,10,2,Derrey - Rambervillers - E-commerce,7
Sur commande,13,11,10,Leveilleau - Sainte-Jamme-sur-Sarthe,4
Sur commande,13,10,6,Lorcamat - Rombas,3
Sur commande,13,10,8,Lunel Négoce - Gisors,4
,12,11,6,François Matériaux - Laissac-Sévérac lÉglise,1
,12,11,6,Manen - Saint-Jean-du-Gard,1
Disponibilité selon magasin,12,9,7,CGB - Montier-en-Der,3
Disponibilité selon magasin,12,3,2,ROBIJNS & FILS - PETIT-ENGHIEN,24
Disponibilité selon magasin,12,11,8,Trullen - Sauviat-sur-Vige,2
En stock,12,9,4,François Matériaux - Baraqueville - E-commerce,2
En stock,12,6,4,François Matériaux - Couffouleux - E-commerce,7
Sous 10 jours ,12,12,7,GBMC - Val de Saône - Mirebeau sur Bèze,2
Sous 10 jours ,12,8,6,Henrio - Plouay - E-commerce,3
Sous 10 jours ,12,8,4,Labenne Rougier - Arbanats - E-commerce,3
Sous 10 jours ,12,10,8,Sodimat - Noyon,7
Sur commande,12,6,3,Flamary - Saint-Priest-de-Gimel,3
Sur commande,12,10,7,Lesimple - Treillières - E-commerce,5
Sur commande,12,12,9,Sodimat - Choisy-au-Bac,1
Sur commande,12,8,3,Vallier - Marignier,2
,11,9,3,GENAPPE MATERIAUX - BAISY THY,5
Disponibilité selon magasin,11,7,4,Bianucci Matériaux - Rodilhan,3
Disponibilité selon magasin,11,7,2,Guenée Matériaux - Louvigné-du-Désert,5
Disponibilité selon magasin,11,2,2,NEUBAT - ESNEUX,2
Disponibilité selon magasin,11,8,3,Stoker - Fleurey-sur-Ouche,1
Sous 10 jours ,11,7,5,Avesnes - Avesnelles - E-commerce,2
Sous 10 jours ,11,10,6,Bonnefoy Pascal - Langogne - E-commerce,3
Sous 10 jours ,11,11,9,Brochard - Vierzon - E-commerce,3
Sous 10 jours ,11,8,4,CGB - Montier-en-Der,9
Sous 10 jours ,11,10,6,Durruty Matériaux - Bénesse-Maremne - E-commerce,3
Sous 10 jours ,11,8,3,Envain Matériaux - Saint-Amand-les-Eaux,2
Sous 10 jours ,11,10,9,Labenne Rougier - Pessac - E-commerce,1
Sous 10 jours ,11,10,6,Lesimple - Pouzauges - E-commerce,0
Sous 10 jours ,11,8,2,Pierron et Fils - Saint-Maurice-sous-les-Côtes,2
Sous 10 jours ,11,10,6,Provibat - Charlieu - E-commerce,4
Sous 10 jours ,11,6,5,Raffort - Passy,8
Sur commande,11,8,6,Baffet Matériaux - Brive-la-Gaillarde,6
Sur commande,11,8,5,Bray - Châtillon-sur-Marne,3
Sur commande,11,10,8,Durruty Matériaux - Larressore - E-commerce,1
,10,3,2,Boromat - Saint-Anthème,1
,10,7,5,Derrey - Abainville,0
,10,5,1,VANTRIMPONT - SAINT GHISLAIN,0
Disponibilité selon magasin,10,6,5,Anchetti - Sagone,1
Disponibilité selon magasin,10,8,6,Carladez Matériaux - Mur-de-Barrez,0
Disponibilité selon magasin,10,10,6,Pagani Distribution - Port,3
Disponibilité selon magasin,10,8,6,Viviès - Gourbeyre (Guadeloupe),2
En stock,10,9,6,François Matériaux - Espalion - E-commerce,1
En stock,10,8,5,Maraj - Sainte-Marie (La Mare) - E-commerce,3
Sous 10 jours ,10,9,7,BRIQUETERIE DARLON - ARLON,3
Sous 10 jours ,10,7,5,Brochard - Saint-Amand-Montrond - E-commerce,4
Sous 10 jours ,10,10,1,CGB - Bar-sur-Aube,1
Sous 10 jours ,10,10,7,Derrey - Pulnoy - E-commerce,4
Sous 10 jours ,10,7,3,François Matériaux - Saint-Flour - E-commerce,0
Sous 10 jours ,10,10,7,Jacq - Callac - E-commerce,3
Sous 10 jours ,10,6,4,Manen - Saint-Jean-du-Gard,6
Sous 10 jours ,10,10,6,Négomat - Villars-les-Dombes,2
Sous 10 jours ,10,10,5,Stoker - Pouilly-en-Auxois - E-commerce,2
Sous 10 jours ,10,9,3,Stoker - Saulieu,0
Sur commande,10,9,6,Balagne Matériaux - Calvi - E-commerce,3
Sur commande,10,5,4,Bénatru - Salaise-sur-Sanne,2
Sur commande,10,7,6,Delmonico Dorel - Montelimar,2
Sur commande,10,6,3,Derrey - Étival-Clairefontaine - E-commerce,1
Sur commande,10,5,3,Envain Matériaux - Orchies,1
Sur commande,10,9,7,François Matériaux - Couffouleux - E-commerce,3
Sur commande,10,8,6,Laboissière - Blois,4
Sur commande,10,10,8,Négomat - Jassans-Riottier,5
Sur commande,10,6,5,Pomes Darré - Tournay,3
Sur commande,10,6,4,Spire - Rozoy-sur-Serre,3
Sur commande,10,6,2,Spire - Sault-lès-Rethel,4
Sur commande,10,8,5,Trullen - Lavaveix-les-Mines,1
Disponibilité selon magasin,9,9,4,Bernon - Le Collet-de-Dèze,6
Disponibilité selon magasin,9,7,6,Kammerer - Waldighoffen,3
Disponibilité selon magasin,9,5,4,SERON - COMBLAIN AU PONT,3
En stock,9,6,4,Balagne Matériaux - LÎle-Rousse - E-commerce,1
Sous 10 jours ,9,9,5,Bernard Reymond - Chateauvieux,2
Sous 10 jours ,9,8,4,COMOBE - BARVAUX SUR OURTHE,1
Sous 10 jours ,9,7,3,Suhas Matériaux - Peyrehorade - E-commerce,2
Sous 10 jours ,9,8,7,Trullen - Sauviat-sur-Vige,0
Sur commande,9,7,4,Augry - Nere,4
Sur commande,9,7,5,Bonnefoy Pascal - Coucouron - E-commerce,2
Sur commande,9,7,5,Delmonico Dorel - Le Pouzin,6
Sur commande,9,5,5,Envain Matériaux - Lieu-Saint-Amand,0
Sur commande,9,7,5,François Matériaux - Espalion - E-commerce,1
Sur commande,9,6,2,François Matériaux - Saint-Benoît-de-Carmaux - E-commerce,1
Sur commande,9,7,4,Lafon - Aurillac,4
Sur commande,9,8,4,Sosaca - Draguignan,4
,8,3,1,ROBIJNS & FILS - PETIT-ENGHIEN,0
Disponibilité selon magasin,8,5,5,Bouillier Matériaux - Orgelet,0
Disponibilité selon magasin,8,6,3,Comptoir des Matériaux - Bucey-lès-Gy,1
Disponibilité selon magasin,8,7,7,Stoker - Bligny-sur-Ouche,4
En stock,8,7,5,François Matériaux - Gaillac - E-commerce,2
Sous 10 jours ,8,7,6,Bouillier Matériaux - Orgelet,0
Sous 10 jours ,8,7,5,Brochard Couverture - Saint-Germain-du-Puy,2
Sous 10 jours ,8,7,5,Charbonnier - Saint-Nizier-dAzergues,2
Sous 10 jours ,8,7,4,GCCO - Luzy - E-commerce,1
Sous 10 jours ,8,5,5,Henrio - Mellac - E-commerce,3
Sous 10 jours ,8,5,3,Lafon - Maurs,1
Sous 10 jours ,8,5,2,Martinique Matériaux - Rivière-Salée (Martinique),3
Sous 10 jours ,8,8,8,Millancourt et Nicolas - Ponts-et-Marais,2
Sous 10 jours ,8,6,3,Pomes Darré - Lalanne-Trie,0
Sous 10 jours ,8,5,2,Pomes Darré - Marciac,5
Sous 3 jours ,8,6,3,Cazorro Matériaux - Auterive - E-commerce,2
Sous 8 jours ,8,6,3,François Matériaux - Aubin - E-commerce,0
Sur commande,8,6,4,BRIQUETERIE DARLON - ARLON,6
Sur commande,8,5,4,Balagne Matériaux - LÎle-Rousse - E-commerce,2
Sur commande,8,8,7,Bruant - Rue - E-commerce,4
Sur commande,8,6,4,CDM - Ecuelles,2
Sur commande,8,7,5,CGB - Maizières-la-Grande-Paroisse,2
Sur commande,8,7,4,CGB - Nogent-sur-Seine,0
Sur commande,8,6,3,Cayreyre - Lalevade-dArdèche,2
Sur commande,8,7,5,Derrey - Épinal - E-commerce,0
Sur commande,8,4,2,François Matériaux - Baraqueville - E-commerce,1
Sur commande,8,5,5,GBMC - Pontarlier,0
Sur commande,8,4,4,Mudry Lombard - Margencel - E-commerce,4
Sur commande,8,8,7,Quemabri - Quessoy,5
Sur commande,8,8,5,Stoker - Bligny-sur-Ouche,7
Sur commande,8,7,6,Vialleix  - Bort-les-Orgues,1
Disponibilité selon magasin,7,5,3,CGB - Châtillon-sur-Seine,1
Disponibilité selon magasin,7,6,4,Derrey - Abainville,0
Disponibilité selon magasin,7,6,2,Lafon - Maurs,1
Disponibilité selon magasin,7,5,3,SCHEEN-BROUHA - AUBEL,3
Disponibilité selon magasin,7,5,4,Socomatra - Nouméa,0
En stock,7,6,3,Farel Clavel - Mazan - E-commerce,3
En stock,7,7,7,François Matériaux - Marssac-sur-Tarn - E-commerce,0
En stock,7,7,7,François Matériaux - Saint-Chély-dApcher - E-commerce,0
En stock,7,4,4,Joly - Pierre-de-Bresse - E-commerce,0
Sous 10 jours ,7,5,1,Bianucci Matériaux - Rodilhan,2
Sous 10 jours ,7,5,4,Derrey - Ligny-en-Barrois,1
Sous 10 jours ,7,5,3,Derrey - Lunéville - E-commerce,2
Sous 10 jours ,7,7,6,Moreau Matériaux - Châlus - E-commerce,0
Sous 10 jours ,7,5,3,Sosaca - Toulon,1
Sous 10 jours ,7,7,4,Trullen - Dun-le-Palestel,1
Sous 8 jours ,7,7,6,François Matériaux - Marssac-sur-Tarn - E-commerce,2
Sous 8 jours ,7,6,5,François Matériaux - Villefranche-de-Rouergue - E-commerce,0
Sur commande,7,6,5,CGB - Brienne-le-Château,2
Sur commande,7,6,3,Delmonico Dorel - Rive-de-Gier,1
Sur commande,7,5,2,Delmonico Dorel - Saint-Just-dArdèche,2
Sur commande,7,3,2,Derrey - Poussay - E-commerce,2
Sur commande,7,6,4,Dufrançais - Cunlhat,2
Sur commande,7,5,3,Durruty Matériaux - Messanges - E-commerce,1
Sur commande,7,7,5,François Matériaux - Figeac - E-commerce,0
Sur commande,7,6,2,François Matériaux - Saint-Flour - E-commerce,2
Sur commande,7,7,4,La Frontière - Givet,0
Sur commande,7,5,5,Matériaux Bressans - Montrevel-en-Bresse,1
Sur commande,7,4,2,Millancourt et Nicolas - Gamaches - E-commerce,1
Sur commande,7,6,4,Millancourt et Nicolas - Neufchâtel-en-Bray - E-commerce,1
Sur commande,7,5,3,Saint Paulienne - Saint-Paul-le-Jeune,3
Sur commande,7,3,1,Sosaca - Grimaud,3
Sur commande,7,7,6,Sosaca - La Seyne-sur-Mer,4
Sur commande,7,5,3,Sud Ardennes Matériaux -  Vouziers,4
Sur commande,7,3,1,Viviès - Gourbeyre (Guadeloupe),3
,6,5,4,Boromat - Saint-Clément-de-Valorgue - E-commerce,5
,6,4,3,SCHEEN-BROUHA - AUBEL,5
Disponibilité selon magasin,6,5,2,Boromat - Saint-Anthème,0
Disponibilité selon magasin,6,5,5,CGB - Brienne-le-Château,0
Disponibilité selon magasin,6,3,2,KM MATERIAUX - JAHLAY,4
Disponibilité selon magasin,6,6,4,Pierron et Fils - Saint-Maurice-sous-les-Côtes,0
Disponibilité selon magasin,6,4,4,Sosaca - La Motte,1
En stock,6,3,2,Balagne Matériaux - Morosaglia - E-commerce,1
Sous 10 jours ,6,6,3,Bonnefoy Pascal - Coucouron - E-commerce,0
Sous 10 jours ,6,6,5,CGB - Bar-sur-Seine,3
Sous 10 jours ,6,6,4,Courby - Les Ollières-sur-Eyrieux,1
Sous 10 jours ,6,5,2,Delmonico Dorel - Saint-Just-dArdèche,3
Sous 10 jours ,6,5,4,Derrey - Vézelise - E-commerce,6
Sous 10 jours ,6,3,1,François Matériaux - Saint-Chély-dApcher - E-commerce,1
Sous 10 jours ,6,6,5,Lorcamat - Rohrbach-lès-Bitche,1
Sous 10 jours ,6,4,3,Matériaux Darnand - Marboz,1
Sous 10 jours ,6,4,2,Sosaca - Saint-Maximin-la-Sainte-Baume,4
Sous 5 jours ,6,5,2,François Matériaux - Baraqueville - E-commerce,1
Sur commande,6,4,2,Bernard Reymond - Puy-Saint-André,1
Sur commande,6,3,3,Bouillier Matériaux - Orgelet,3
Sur commande,6,5,3,Delmonico Dorel - Pierrelatte - E-commerce,3
Sur commande,6,4,3,Gautier Matériaux - Montmoreau-Saint-Cybard,1
Sur commande,6,6,4,Larroque - Saint-Michel-Loubéjou,5
Sur commande,6,5,4,Lesimple - Pouzauges - E-commerce,2
Sur commande,6,5,2,Lorcamat - Sarralbe,3
Sur commande,6,5,3,Martinique Matériaux - Lamentin (Martinique),0
Sur commande,6,5,5,Matériaux Périgourdins - Coulounieix-Chamiers,3
Sur commande,6,5,5,Millancourt et Nicolas - Ponts-et-Marais,1
Sur commande,6,5,4,Montagnat - Jardin,1
Sur commande,6,5,5,Moreau Matériaux - Saint-Varent,3
Sur commande,6,5,5,Sodimat - Formerie,2
Sur commande,6,6,5,Trullen - Dun-le-Palestel,0
Sur commande,6,6,6,Vallier - Saint-Pierre-en-Faucigny,3
,5,4,4,La Frontière - Fumay,2
,5,5,3,Périgord Matériaux - Quinsac,2
Disponibilité selon magasin,5,4,4,CGB - Bar-sur-Aube,0
Disponibilité selon magasin,5,5,5,Pomes Darré - Marciac,1
Sous 10 jours ,5,5,4,Bernon - Le Collet-de-Dèze,3
Sous 10 jours ,5,5,3,Bouillier Matériaux - Bletterans,1
Sous 10 jours ,5,4,2,Derrey - Bruyères - E-commerce,1
Sous 10 jours ,5,4,3,Farel Clavel - Remoulins - E-commerce,1
Sous 10 jours ,5,5,3,Guenée Matériaux - Louvigné-du-Désert,1
Sous 10 jours ,5,3,2,Matériaux Picards - Nesle - E-commerce,0
Sous 10 jours ,5,2,2,NEUBAT - ESNEUX,1
Sous 8 jours ,5,4,2,François Matériaux - Couffouleux - E-commerce,3
Sur commande,5,5,5,Augier - Saint-Romain-en-Viennois,0
Sur commande,5,5,5,Bianucci Matériaux - Uzes,3
Sur commande,5,3,2,Cayreyre - Saint-Maurice-dArdèche,1
Sur commande,5,5,4,Crevat - Dagneux,3
Sur commande,5,4,4,Dufrançais - Abrest,1
Sur commande,5,5,5,Envain Matériaux - Wallers,1
Sur commande,5,4,4,Guenée Matériaux - Mortain,1
Sur commande,5,4,3,Lesimple - Blain - E-commerce,4
Sur commande,5,2,2,Lorcamat - Cons-la-Grandville,0
Sur commande,5,5,3,Léger - Villeperdue,3
Sur commande,5,5,5,Manen - Anduze,0
Sur commande,5,4,3,Marion Matériaux - Quillan,1
Sur commande,5,5,5,Matériaux Lacoste - Maiche,1
Sur commande,5,4,3,Millancourt et Nicolas - Friville-Escarbotin - E-commerce,1
Sur commande,5,5,5,Millancourt et Nicolas - Morvillers-Saint-Saturnin - E-commerce,3
Sur commande,5,5,4,Millancourt et Nicolas - Oisemont - E-commerce,1
Sur commande,5,4,1,Peuzin et Cie - Serres,1
Sur commande,5,5,5,Périgord Matériaux - Brantôme en Périgord,0
Sur commande,5,3,2,Raynal - Gannat,2
Sur commande,5,4,2,SECB - Bellac,1
Sur commande,5,4,3,Weiss - Wasselonne,1
Disponibilité selon magasin,4,3,3,Bernard Reymond - Chateauvieux,0
Disponibilité selon magasin,4,3,2,Cayreyre - Saint-Maurice-dArdèche,0
Disponibilité selon magasin,4,3,1,François Matériaux - Laissac-Sévérac lÉglise,0
Disponibilité selon magasin,4,3,1,Lafon - Vic-sur-Cère,1
Disponibilité selon magasin,4,2,2,THEISSEN - RECHT,0
En stock,4,4,3,François Matériaux - Figeac - E-commerce,0
Sous 10 jours ,4,2,1,Boulard Verdier - La Roche-Blanche - E-commerce,2
Sous 10 jours ,4,2,1,Boulard Verdier - Pérignat-sur-Allier - E-commerce,0
Sous 10 jours ,4,2,2,Cazorro Matériaux - Carbonne - E-commerce,1
Sous 10 jours ,4,4,4,Datas - Seissan - E-commerce,3
Sous 10 jours ,4,4,4,Farel Clavel - Rochefort-du-Gard - E-commerce,1
Sous 10 jours ,4,4,3,GBMC - Val de Saône - Arc Lès Gray,1
Sous 10 jours ,4,3,3,Labenne Rougier - Fauillet - E-commerce,3
Sous 10 jours ,4,3,3,Labenne Rougier - Fronsac - E-commerce,0
Sous 10 jours ,4,3,1,Labenne Rougier - La Réole - E-commerce,1
Sous 10 jours ,4,3,3,Labenne Rougier - Vendays-Montalivet - E-commerce,1
Sous 10 jours ,4,3,2,Labenne Rougier - Villenave-dOrnon - E-commerce,0
Sous 10 jours ,4,4,3,Lafon - Vic-sur-Cère,1
Sous 10 jours ,4,2,2,MCF - Lapalisse - E-commerce,1
Sous 10 jours ,4,3,2,Maisonnier - Bouresse - E-commerce,1
Sous 10 jours ,4,2,1,Pomes Darré - Castelnau,0
Sous 10 jours ,4,2,2,Sosaca - Le luc,0
Sous 8 jours ,4,4,4,François Matériaux - Gaillac - E-commerce,3
Sur commande,4,4,4,Baffet Matériaux - Saint-Pantaléon-de-Larche,2
Sur commande,4,4,3,Bernard Reymond - Chateauvieux,2
Sur commande,4,3,1,Bernon - Le Collet-de-Dèze,2
Sur commande,4,4,4,Bouillier Matériaux - Saint-Amour,1
Sur commande,4,3,1,Bray - Charly-sur-Marne,1
Sur commande,4,3,3,CGB - Bray-sur-Seine,0
Sur commande,4,3,3,CGB - Nangis,0
Sur commande,4,3,3,Cabia Matériaux - Clamecy,0
Sur commande,4,3,3,Cazorro Matériaux - Auterive - E-commerce,1
Sur commande,4,4,4,Cazorro Matériaux - Martres-Tolosane,0
Sur commande,4,3,2,DBM - Saint-Gilles,1
Sur commande,4,3,2,Datas - Vic-Fezensac,2
Sur commande,4,4,4,Guenée Matériaux - Saint-James,1
Sur commande,4,3,3,Jacq - Châteauneuf-du-Faou - E-commerce,2
Sur commande,4,4,4,Jacq - Quimper - E-commerce,4
Sur commande,4,2,1,Labenne Rougier - Villenave-dOrnon - E-commerce,0
Sur commande,4,3,1,NEUBAT - ESNEUX,2
Sur commande,4,4,3,Socomatra - Nouméa,0
Sur commande,4,4,4,Sosaca - Hyères,2
Sur commande,4,3,3,Terrasson - Saint-Maurice-la-Clouère,2
Sur commande,4,4,4,Terrasson - Vivonne,1
Sur commande,4,2,2,Tonetti - Aubagne,2
Sur commande,4,3,2,Vallier - Taninges,1
Sur commande,4,4,3,Vialleix Brico - Bort-les-Orgues - E-commerce,1
Disponibilité selon magasin,3,1,1,Bianucci Matériaux - Saint-Gervasy,0
Disponibilité selon magasin,3,3,2,Manen - Saint-Jean-du-Gard,2
Sous 10 jours ,3,3,3,Balagne Matériaux - Morosaglia - E-commerce,0
Sous 10 jours ,3,3,2,Carladez Matériaux - Mur-de-Barrez,0
Sous 10 jours ,3,2,2,Cayreyre - Rosières,2
Sous 10 jours ,3,3,3,Delmonico Dorel - Le Teil,2
Sous 10 jours ,3,1,1,Derrey - Poussay - E-commerce,0
Sous 10 jours ,3,3,2,GBMC - Val de Saône - Champlitte,1
Sous 10 jours ,3,3,3,Labenne Rougier - Lège - E-commerce,0
Sous 10 jours ,3,3,2,Labenne Rougier - Tresses - E-commerce,1
Sous 10 jours ,3,3,2,MCF - Domérat - E-commerce,0
Sous 10 jours ,3,2,1,MCF - Yzeure - E-commerce,2
Sous 10 jours ,3,2,2,Mudry Lombard - Margencel - E-commerce,0
Sous 10 jours ,3,3,2,Raynal - Champs,1
Sous 10 jours ,3,2,1,Saint-Martin Matériaux - Saint-Martin,1
Sous 10 jours ,3,3,3,Stoker - Bligny-sur-Ouche,1
Sous 10 jours ,3,3,3,Viviès - Gourbeyre (Guadeloupe),0
Sur commande,3,3,3,Anchetti - Sagone,1
Sur commande,3,3,3,Bernard Reymond - Embrun,0
Sur commande,3,3,3,Bléger - Wintzenheim,2
Sur commande,3,2,1,Boromat - Saint-Clément-de-Valorgue - E-commerce,0
Sur commande,3,1,1,Brico Bâti Leveilleau - Conlie,0
Sur commande,3,3,3,CGB - Bar-sur-Seine,2
Sur commande,3,3,2,Carladez Matériaux - Mur-de-Barrez,0
Sur commande,3,2,1,Charbonnier - Génelard,0
Sur commande,3,2,2,Courby - Les Ollières-sur-Eyrieux,1
Sur commande,3,3,3,Delmonico Dorel - Saint-Vallier,0
Sur commande,3,3,3,Farel Clavel - Avignon - E-commerce,1
Sur commande,3,3,3,Farel Clavel - Remoulins - E-commerce,1
Sur commande,3,2,1,Favre dAnne - Détrier - E-commerce,3
Sur commande,3,3,1,Kammerer - Waldighoffen,0
Sur commande,3,2,1,Materiaux de la gaume - Saint-Mard,0
Sur commande,3,2,2,Matériaux Picards - Nesle - E-commerce,1
Sur commande,3,2,1,Multimat Étain - Étain,1
Sur commande,3,3,3,Pagani Distribution - Port,1
Sur commande,3,2,1,Pierron et Fils - Saint-Maurice-sous-les-Côtes,1
Sur commande,3,2,1,Pomes Darré - Castelnau,1
Sur commande,3,3,3,Pomes Darré - Lalanne-Trie,0
Sur commande,3,3,3,Raynal - Manzat,0
Sur commande,3,3,2,Sodimat - Grandvilliers,0
Sur commande,3,2,2,Sodimat - Noyon,2
Sur commande,3,3,3,Sosaca - Saint-Maximin-la-Sainte-Baume,3
Sur commande,3,3,1,Trullen -  Le Grand-Bourg,0
Sur commande,3,2,2,Trullen - Sauviat-sur-Vige,0
,2,2,2,Bianucci Matériaux - Saint-Gervasy,1
,2,1,1,Cayreyre - Pont-de-Labeaume,1
,2,2,2,SERON - COMBLAIN AU PONT,1
Disponibilité selon magasin,2,2,1,DEVIERE-DUMONT & FILS - VILLERS-SAINT-GHISLAIN,0
Disponibilité selon magasin,2,2,1,La Frontière - Fumay,0
Disponibilité selon magasin,2,2,1,Sosaca - Taradeau,0
En stock,2,2,1,Balagne Matériaux - Corte - E-commerce,1
Sous 10 jours ,2,1,1,Bianucci Matériaux - Saint-Gervasy,0
Sous 10 jours ,2,2,2,Cayreyre - Saint-Maurice-dArdèche,0
Sous 10 jours ,2,2,1,Dumeil - Issoire - E-commerce,1
Sous 10 jours ,2,2,2,Favre dAnne - Détrier - E-commerce,1
Sous 10 jours ,2,2,2,Jacq - Bannalec - E-commerce,0
Sous 10 jours ,2,2,2,La Frontière - Fumay,0
Sous 10 jours ,2,2,2,Labenne Rougier - Avensan - E-commerce,0
Sous 10 jours ,2,2,2,Maisonnier - LIsle-Jourdain - E-commerce,1
Sous 10 jours ,2,2,2,Périgord Matériaux - Piégut-Pluviers,0
Sous 10 jours ,2,2,1,Sosaca - Taradeau,0
Sous 10 jours ,2,1,1,Vallier - Taninges,0
Sur commande,2,1,1,Bléger - Sélestat,0
Sur commande,2,1,1,Bonnefoy Pascal - Grandrieu - E-commerce,0
Sur commande,2,1,1,Boromat - Saint-Anthème,2
Sur commande,2,2,1,CGB - Châtillon-sur-Seine,2
Sur commande,2,2,2,COMOBE - BARVAUX SUR OURTHE,0
Sur commande,2,1,1,Charbonnier - Saint-Nizier-dAzergues,0
Sur commande,2,1,1,Comptoir des Matériaux - Bucey-lès-Gy,0
Sur commande,2,1,1,Delmonico Dorel - Le Teil,1
Sur commande,2,2,2,Derrey - Bruyères - E-commerce,0
Sur commande,2,2,2,Derrey - Lunéville - E-commerce,0
Sur commande,2,2,2,Dufrançais - Courpière,0
Sur commande,2,2,2,François Matériaux - Saint-Chély-dApcher - E-commerce,0
Sur commande,2,1,1,Guenée Matériaux - Maen Roch,0
Sur commande,2,2,2,Labenne Rougier - Pugnac - E-commerce,1
Sur commande,2,2,2,Lorcamat - Koenigsmacker,0
Sur commande,2,2,2,Lorcamat - Lemud,0
Sur commande,2,1,1,Matériaux Darnand - Marboz,0
Sur commande,2,2,2,Matériaux Maitre - Saint-Trivier-de-Courtes,0
Sur commande,2,2,2,Mercier - Onet-le-Château,1
Sur commande,2,2,1,Périgord Matériaux - Saint-Martial-de-Valette,0
Sur commande,2,2,1,Raynal - Riom - E-commerce,1
Sur commande,2,1,1,SCHEEN-BROUHA - AUBEL,0
Sur commande,2,2,1,Sosaca - Toulon,0
Disponibilité selon magasin,1,1,1,VANTRIMPONT - SAINT GHISLAIN,0
En stock,1,1,1,Durruty Matériaux - Larressore - E-commerce,0
En stock,1,1,1,Granville Matériaux - Saint-Pair-sur-Mer - E-commerce,0
Sous 10 jours ,1,1,1,Bonnefoy Pascal - Grandrieu - E-commerce,0
Sous 10 jours ,1,1,1,Bouchard - Lombez - E-commerce,0
Sous 10 jours ,1,1,1,Boulard Verdier - Clermont-Ferrand - E-commerce,0
Sous 10 jours ,1,1,1,Bray - Charly-sur-Marne,0
Sous 10 jours ,1,1,1,DEVIERE-DUMONT & FILS - VILLERS-SAINT-GHISLAIN,0
Sous 10 jours ,1,1,1,Derrey - Rambervillers - E-commerce,1
Sous 10 jours ,1,1,1,Dufrançais - Thiers - E-commerce,0
Sous 10 jours ,1,1,1,Dumeil - Brassac-les-Mines - E-commerce,0
Sous 10 jours ,1,1,1,Farel Clavel - LIsle-sur-la-Sorgue - E-commerce,0
Sous 10 jours ,1,1,1,Favre dAnne - Faverges - E-commerce,0
Sous 10 jours ,1,1,1,François Matériaux - Laissac-Sévérac lÉglise,0
Sous 10 jours ,1,1,1,Labenne Rougier - Coutras - E-commerce,0
Sous 10 jours ,1,1,1,Labenne Rougier - La Teste-de-Buch - E-commerce,0
Sous 10 jours ,1,1,1,Labenne Rougier - Lacanau - E-commerce,0
Sous 10 jours ,1,1,1,Labenne Rougier - Parentis-en-Born - E-commerce,0
Sous 10 jours ,1,1,1,Lorcamat - Cons-la-Grandville,0
Sous 10 jours ,1,1,1,MCF - Bourbon-Lancy - E-commerce,0
Sous 10 jours ,1,1,1,SCHEEN-BROUHA - AUBEL,0
Sous 10 jours ,1,1,1,SDM - Les Vans,1
Sous 3 jours ,1,1,1,Cazorro Matériaux - Carbonne - E-commerce,0
Sous 7 jours ,1,1,1,Joly - Sagy - E-commerce,0
Sur commande,1,1,1,Avesnes - Avesnelles - E-commerce,1
Sur commande,1,1,1,Balagne Matériaux - Corte - E-commerce,1
Sur commande,1,1,1,Balagne Matériaux - Morosaglia - E-commerce,0
Sur commande,1,1,1,Bléger - Hilsenheim,0
Sur commande,1,1,1,Bon et Bosc - Cadours,1
Sur commande,1,1,1,Bouillier Matériaux - Bletterans,1
Sur commande,1,1,1,Derrey - Pulnoy - E-commerce,0
Sur commande,1,1,1,Farel Clavel - Carpentras - E-commerce,0
Sur commande,1,1,1,Farel Clavel - Rochefort-du-Gard - E-commerce,1
Sur commande,1,1,1,Feignies - Feignies - E-commerce,0
Sur commande,1,1,1,François Matériaux - Marssac-sur-Tarn - E-commerce,0
Sur commande,1,1,1,François Matériaux - Saint-Affrique,1
Sur commande,1,1,1,GBMC - Val de Saône - Arc Lès Gray,1
Sur commande,1,1,1,Garrigues - Rieupeyroux,0
Sur commande,1,1,1,Guenée Matériaux - Louvigné-du-Désert,0
Sur commande,1,1,1,Jacq - Callac - E-commerce,1
Sur commande,1,1,1,La Frontière - Fumay,0
Sur commande,1,1,1,Labenne Rougier - Aiguillon - E-commerce,0
Sur commande,1,1,1,Labenne Rougier - Avensan - E-commerce,0
Sur commande,1,1,1,Labenne Rougier - Fauillet - E-commerce,0
Sur commande,1,1,1,Labenne Rougier - Lège - E-commerce,0
Sur commande,1,1,1,Labenne Rougier - Saint-Julien-en-Born - E-commerce,0
Sur commande,1,1,1,Labenne Rougier - Vendays-Montalivet - E-commerce,0
Sur commande,1,1,1,Maraj - Sainte-Marie (La Mare) - E-commerce,0
Sur commande,1,1,1,Matériaux de Maintenon - Hanches,0
Sur commande,1,1,1,Négomat - Villars-les-Dombes,0
Sur commande,1,1,1,Pagani Distribution - Saint-Lupicin,0
Sur commande,1,1,1,Pomes Darré - Marciac,1
Sur commande,1,1,1,Pomes Darré - Plaisance du Gers,0
Sur commande,1,1,1,Périgord Matériaux - Piégut-Pluviers,0
Sur commande,1,1,1,Raffort - Passy,0
Sur commande,1,1,1,SDM - Les Vans,0
Sur commande,1,1,1,Sodimat - Attichy,0
Sur commande,1,1,1,Sosaca - La Motte,0
Sur commande,1,1,1,Stock du Gatinais - Juranville,0
Sur commande,1,1,1,Stock du Gatinais - Ouzouer-sur-Loire,1
Sur commande,1,1,1,Stoker - Fleurey-sur-Ouche,1
Sur commande,1,1,1,Stoker - Saulieu,0
,0,0,1,Favre d&#039;Anne - Faverges - E-commerce,0
,0,0,1,Labenne Rougier - Villenave-d&#039;Ornon - E-commerce,0
