Sessions,SKU de produit,Nom des produits
12,25593860,Bloc béton creux B40 2 alvéoles - 20x20x50cm
9,24094429,Gravillon en big bag 1m3
7,24548106,"Plaque de plâtre standard PLACOPLATRE NF BA13 - 2,50 x 1,20 m"
6,24705479,"Plaque de plâtre standard PREGYPLAC BA13 - 2,50x1,20m"
5,24690461,Granulés de bois pour poêle à pellets sac de 15kg
5,28630517,Granulés de bois BIOSYL 5.0 pour poêle à pellets en sac de 15kg - MODELE SELON ARRIVAGE
4,24094436,Mélange à béton sable granulométrie 0/4mm et gravier 4/12mm en big bag 1m3
4,24696029,Sable à maçonner granulométrie 0/4mm en big bag 1m3
4,27631980,Ragréage ULTRAPLAN MAXI FIBRE - sac de 25kg
4,29013524,"Ciment LE CLASSIC CEM II/B-ll 32,5R CP2 NF sac de proctect - sac de 35kg"
3,24603775,"Plaque de plâtre hydrofuge PLACOMARINE BA13 - 2,50x1,20m"
3,24679510,"Madrier Sapin/Epicéa section 75x225mm long.4,00m"
3,24707077,"Plaque de plâtre hydrofuge PREGYDRO BA13 - 2,50 x 1,20 m"
3,24734752,Tuile MARSEILLE - rouge - 208
3,25118094,Toile de verre LOSANGE - 50x1m
3,25959123,Bloc béton creux B40 - 15x20x50cm
3,30028225,"Porte fenêtre PVC blanc VISION 2 vantaux ouverture à la française avec soubassement - Haut.2,15m larg.1,20m à crémone"
3,30246226,Enduit 2 en 1 garnissage et lissage - seau de 25kg
3,30362030,Porte coulissante BOTHA décor bambou rail invisible - 220 x 120 cm
2,20489366,"Tuile de verre ROMANE CANAL TBF N31- 44 x 27,6 cm"
2,21385117,Cheville corps creux HM-S+vis - 4x32mm - sachet 25 pièces
2,21550508,"Grillage simple torsion galvanisé maille 50 x 50 mm - rouleau 25 x 1,50 m"
2,21762031,Gaine TPC rouge D63 - couronne de 25m
2,24094320,"Gravillons granulométrie 6,3/20 en big-bag de 1m3"
2,24126977,"Câble électrique U1000R2V 3G1,5mm² - en couronne de 100 m - noir"
2,24254465,"Plateau de table en Pin maritime français rustique long.2,00m larg.80cm ép.34mm"
2,24291071,Sous-couche plaque plâtre déco acrylique 10L GEDIMAT PERFORMANCE PRO
2,24528054,"Peinture acrylique mur & plafond mat blanc 2,5 L GEDIMAT PERFORMANCE PRO"
2,24593601,Plâtre en poudre manuel MOLDA 3 NORMAL - sac de 25kg
2,24679619,"Bastaing Sapin/Epicéa section 63x175mm long.4,00m"
2,24692533,Semelle de fondation renforcée 6HA8 HA5 - cadre 30cm - 35x15cm 6m
2,24702553,Colle PF3 - sac de 25kg
2,24768740,Béton universel SACAMAT prêt à l'emploi - sac de 35kg
2,24781794,"Planche de coffrage Sapin/Epicéa section 27x200mm long.4,00m"
2,24781817,"Planche de coffrage Sapin/Epicéa section 27x250mm long.4,00m"
2,24901253,"Lisse Sapin/Epicéa section 150x27mm long.4,00m"
2,25131000,Réhausse béton pour fosse diam.50cm haut.20cm
2,25216073,Enduit d'imperméabilisation de façade WEBERPROCALIT G 016 ton pierre - sac de 25kg
2,25384673,Tuile chatière grillagée PLATE DE PAYS rouge vieilli - FS111
2,25752120,Couvertine plate gris - 100x30cm
2,26246291,Peinture organique CRYLANE T30 terre d'argile - seau de 20kg
2,26350028,Tuyau AQUATUB CR8 en PE-HD avec tulipe intégrée + joint - diamètre nominal 300mm - barre de 3m
2,26373041,Mélange sable et gravillon de béton recyclé granulométrie 0/20 mm vendu en vrac au m3
2,26514437,Travaux courants de maçonnerie WEBER BETON - sac de 25 kg
2,26586205,Béton prêt à l'emploi BETOCEM en sac de 25 kg
2,26933634,Lambourde pin classe 4 vert - 45 x 70 x 3000 mm
2,27806111,Gravier Eco 6/14 mm blanc nuancé - sac de 25 kg
2,27808788,Planche de rive PVC à clouer cellulaire rénovation blanc - 9 x 200 mm 4m - botte de 2 lames
2,29320295,Tuile GALLEANE 12 toits du sud - GT101
2,30015308,Boîte aux lettres CUBYSM 1 porte avec un volet amorti - gris anthracite mat
2,30028213,"Fenêtre PVC blanc VISION 2 vantaux oscillo-battant vitrage transparent - Haut.1,75m larg.1,00m"
2,30051733,Coffret électrique pré-équipé 3 rangées 39 modules blanc
2,30056522,Brique BG'3 - 560 x 200 x 274 mm
2,30066812,Groupe électrogène PERFORM 4500 C5 - 4000W
2,30079229,Montant M90 34/36 NF - 4m
2,30161595,Antimousse et imperméabilisant toitures ALGI 201 - bidon de 20l
2,30169804,Profil pour la finition PROTECDRAIN - 2m
2,30214848,"Isolant thermo-réflecteur à bulles ATI AIRFLEX 30 - 25 x 1,20 m ép.12 mm"
1,1026816,"Treillis soudé ST25CS D7 maille 15x15 - panneau 3x2,40m"
1,1220468,Chevron Sapin/Epicéa traitement Classe 2 section 80 x 80 mm Long.3 m
1,1343465,Dalle stabilisatrice de plot pour terrasse - 280x280x50mm
1,1402420,"Bastaing Sapin/Epicéa section 63x175mm long.6,00m"
1,1584915,"Panneau de clôture EXPERT 45 MEDIUM - vert - L.2,50 x h.1,53 m"
1,1588649,Chainage 4HA10 HA5 - cadre 20cm - 20x20cm 6m
1,1589119,Chainage sismique Z3 6HA10 HA5 - cadre 20cm - 35x15cm 6m
1,165911,Grave à béton 0/15 - vrac au M3
1,1712901,"Réhausse béton pour boîte EPERS - 25x25cm haut.17,50cm"
1,1713004,Couvercle béton pour boîte EPERS 25x25cm
1,1730199,Liteau Sapin/Epicéa traitement Classe 2 section 27x38mm long.4m
1,1745194,Porte seule plane pleine nue - 204 x 73 cm
1,1754358,Bande d&#039;étanchéité autocollante MULTISEAL gris 150mm - 10m
1,1783124,Robinet d&#039;arrêt WC équerre nickelé - mâle/femelle ø12 x 17 mm
1,1789105,Flexible alimentation sanitaire inox - mâle/femelle ø12 x 17 mm - øint.8 - L.15 cm
1,1795768,Equerre d&#039;assemblage égale renforcée galvanisée long.90x90mm larg.65mm
1,1816996,Clip inox pour poteau EXPERT (260S) vert - sachet de 24 pièces
1,1817046,"Filet d&#039;occultation SUPRATEX vert - L.5 x h.1,20 m"
1,1819939,"Poteau de clôture EXPERT (260S) à sceller vert - h.1,55 m"
1,1836954,Colonne de douche TIMARU chromé
1,1864945,Grille de défense pour fenêtre TOULOUSAINE - haut.105cm - Larg.L80
1,1867444,Chapeau pour poteau P-MEX - 80 x 80 mm - gris anthracite
1,1867523,"CORNIERE 100X100X2,5X2,2 SECABLE BLANC 9010 EN 3M"
1,1871461,Film anti-termites TERMIFILM UV+ - rouleau de 75m²
1,1894381,Clou HC6-15 + gaz P40-P800 - boîte de 500 pièces
1,1895575,Mastic sanitaire silicone translucide 310ml GEDIMAT PERFORMANCE PRO
1,1904043,"Seuil adhésivé Butyle alu anodisé titium 40 mm - 2,80 m"
1,1905162,"Vernis gel bois ciré AIR PROTECT incolore satiné - pot 0,25l"
1,1917994,Brise-vue haie artificielle - L.3 x h.2 m
1,1919850,Porte de service PVC DAKAR gris anthracite 7016 dormant 60 mm - 200 X 80 cm - gauche poussant
1,1919851,Porte de service PVC DAKAR gris anthracite 7016 dormant 60 mm - 200 X 80 cm - droit poussant
1,1920432,Porte coulissante pleine ATELIER LOFT blanc satin - 204 x 83 cm - kit B
1,1923327,Pétrole Qlima PURE - bidon de 20 l
1,1923640,Sous-couches masques taches blanc mat - pot de 0.5 litres
1,1923892,Cheville acier Ø14 x 55 mm + vis tête hexagonale Ø8 x 80 mm - sachet de 4 pièces
1,1928124,Meuble sous évier à poser mélaminé blanc 3 portes - 820 x 1200 x 570 mm
1,20021788,Pelle ronde col de cygne manche en bois - 290mm
1,20265786,"Grille à peinture acier galvanisé haut.24,4cm larg.19,4cm"
1,20488925,Brique de verre 195 nuagée incolore - 19 x 19 x 5 cm
1,20489281,"Tuile de verre ROMANE N7 BIS - 42,5 x 27 cm"
1,20489373,Tuile de verre GRANDE ROMANE TMB - 42 x 33 cm
1,20807658,Porte d'entrée PVC GALLUS blanc vitrage demi-lune dormant 60 mm avec tapées pour isolation 120 mm - 215 x 90 cm - droit poussant
1,20824051,Boitier serrure à encastrer axe 40mm cylindre blanc entraxe 70mm
1,20969233,Console équerre à visser acier laqué blanc 200 x 250 mm
1,21047152,Bande d'étanchéité autocollante MULTISEAL terre cuite 225mm - 10m
1,21188534,"Baguette d'angle Pin des Landes sans nud arrondie L.2,40 m - section 30 x 30 mm"
1,21188718,"Plinthe arrondie Pin des Landes sans nud - section 10 x 110 mm L.2,00 m"
1,21188985,"Tasseau Pin des Landes sans nuds L.2,00 m - 18 x 50 mm"
1,21192449,Plan de travail en Pin maritime français sans nud - 3 x 0.65 m Ep.36 mm
1,21202667,"Merlin éclateur 3,7kg manche novamax - 90cm"
1,21233135,"Plinthe arrondie Sapin du Nord L.2,40 m - section 10 x 110 mm "
1,21288661,Cornière anti-effraction marron pour grand modèle époxy
1,21340734,Manchon à joint MF PVC - D32
1,21441110,Dalle en pierre reconstituée OPUS RICHELIEU multiformat coloris champagne
1,21442988,"Plaquette de parement pierre reconstituée MANOIR ton pierre - boîte de 0,50 m²"
1,21484520,"Tuile de verre ROMANE TBF N5 - 43,5 x 28 cm"
1,21510946,Rouleau peinture monocouche AVANTAGE - 180 mm - fibres 9 mm
1,21550485,Grillage simple torsion galvanisé maille 50 x 50 mm - rouleau 25 x 1 m
1,21729911,Manchon à joint FF PVC - D40
1,21772337,Galet 40/60 mm blanc - sac de 25 kg
1,23118980,Pince à border droite - 100mm
1,23137684,"Quart de rond ouvert PVC blanc ép.8mm - 2,5m"
1,23150188,Vis connecteur tête torx CSA 5x40mm - boîte de 250 pièces
1,23319165,"Bati-support WC universel RAPID SL GROHE en métal - 113 x 50 x 19,5 cm"
1,23375475,"Echafaudage PIEGO PRO h.travail - 3,30m"
1,23390423,Pierre naturelle DE BAVIERE
1,23391697,Sable en big bag 1m3
1,23494879,"Laine de verre URSA ALU revêtue kraft - 1,5x1m Ep.50mm - R=1,40m².K/W."
1,23611597,Peinture SPOTMARKER - aérosol de 500 ml - rouge fluo
1,23657090,Pied de poteau type U à sceller - 70x70mm
1,23661820,Châssis d'accès au toit VLT 0000Z haut.61cm larg.46cm
1,23744936,Bloc-porte coupe-feu EI60 prépeint à chant droit Ep.56 mm H.78x54mm - 204 x 83 cm - droit poussant - serrure de sûreté 1 point
1,23893917,Pierre naturelle de l'YONNE
1,24010924,Marteau perforateur GBH 5-40 DCE - 1150W
1,24059169,"Poteau en Pin du Nord vert - 9 x 9 cm L.2,40 m"
1,24088428,Porte de service en sapin brut TARBES gauche poussant - 200x90cm dormant 43X46mm
1,24093798,Galets blancs granulométrie 40/60mm sac de 25kg
1,24093880,Sable à maçonner roulé 0/4 - 1m3
1,24094306,Sable à maçonner granulométrie 0/4mm en big bag 1m3 gris
1,24115063,Enduit hydrofuge SIKA MORTIER FONDATION SP gris ciment sac de 25kg
1,24126892,"Fil unifilaire cuivre HO7VU 1,5 rouge - bobine de 100 m "
1,24126953,"Câble électrique U1000R2V 3G1,5mm² - en couronne de 50 m - noir"
1,24175739,Géotextile TENCATE BIDIM BATIGEO 10 100x4m
1,24231961,Bâche de protection légère verte/verte - 4 x 5 m
1,24237628,"Poteau en Pin du Nord marron - 9 x 9 cm L.2,40 m"
1,24245135,Vitrificateur parquets-escaliers mat - pot 5l
1,24254380,"Jet deau en bois exotique rouge section 34x50mm long.2,40m"
1,24291002,Peinture déco acrylique mur & plafond mat blanc 5L GEDIMAT PERFORMANCE PRO
1,24291019,Peinture déco acrylique mur & plafond mat blanc 10L GEDIMAT PERFORMANCE PRO
1,24291033,Peinture déco acrylique mur & plafond satin blanc 10L GEDIMAT PERFORMANCE PRO
1,24291064,Sous-couche plaque plâtre déco acrylique 5L GEDIMAT PERFORMANCE PRO
1,24330558,Console acier peint double grise long.370mm vrac 1 pièce
1,24367493,Disque velcro 6 trous D150 grain 80
1,24548113,"Plaque de plâtre standard PLACOPLATRE NF BA13 - 2,60 x 1,20 m"
1,24548199,"Plaque de plâtre standard PLACOPLATRE BA13 - 2,50x0,60m"
1,24567503,Drain agricole annelé diam.100mm couronne long.50m
1,24593540,Plâtre en poudre manuel LUTECE 2000 LONG - sac de 33kg
1,24594080,"Doublage polyuréthane PLACOTHERM+ 13+40 - 2,50x1,20m - R=1,90m².K/W"
1,24597302,Enduit joint PLACOJOINT PR 1H - sac de 25kg
1,24597425,Mortier MAP FORMULE +63S - sac de 25kg
1,24599405,"Doublage polystyrène expansé hydrofuge PLACOMUR E 13+40 - 2,50 x 1,20 m Ep.53 mm - R=1,30m².K/W"
1,24602037,"Plaque de plâtre acoustique PLACO PHONIQUE BA13 - 2,50x0,60m"
1,24603379,"Plaque de plâtre ignifuge PLACOFLAM NF BA13 - 2,50 x 1,20 m"
1,24636575,Brique platrière cloison - 385 x 50 x 200 mm
1,24640619,Meuleuse 230mm 2000W GA9050KX
1,24643962,"Laine de verre TI 212 revêtue kraft - 15x1,2m Ep.60mm - R=1,50m².K/W."
1,24645966,Appui OPTIMA 2 75mm - boite de 50 pièces
1,24647434,"Laine de verre à souffler COMBLISSIMO - sac de 17,3kg"
1,24649117,"Laine de verre GR 32 roulé revêtue kraft - 5,40 x 1,20 m Ep.85 mm - R=2,65m².K/W."
1,24653886,"Tube PVC pression emboîture à coller SEPEREF JC PN16 - 110x8,1mm 6m"
1,24654654,Tube PVC usage divers - D100mm 4m
1,24656948,Rail R48 NF - 3 m
1,24659291,Bordure béton T2 - 100x15x25cm
1,24665988,Chaux hydraulique CemaChaux grise HL 5 CE - sac de 25 kg
1,24673853,"Gouttière demi-ronde sans pince - CLASSIC naturel - Boudin 14 - 0,65x166mm 2m"
1,24673891,"Gouttière demi-ronde sans pince - CLASSIC naturel - Boudin 14 - 0,65x333mm 2m"
1,24677660,"Plaque de sol FIBRE GYPSE FERMACELL sans isolant BD20 - 1,50 x 0,50 m"
1,24677851,Arêtier à emboîtement - flammé rustique - 758
1,24678032,"Rouleau plomb lisse ép.1,5mm long.5m larg.20cm"
1,24679329,"Chevron Sapin/Epicéa section 63x75mm long.4,00m"
1,24679350,"Chevron Sapin/Epicéa section 63x75mm long.6,00m"
1,24679473,"Madrier Sapin/Epicéa section 75x225mm long.3,50m"
1,24679480,"Madrier Sapin/Epicéa section 75x225mm long.3,00m"
1,24679497,"Madrier Sapin/Epicéa section 75x225mm long.6,00m"
1,24679503,"Madrier Sapin/Epicéa section 75x225mm long.4,50m"
1,24679534,"Madrier Sapin/Epicéa section 75x225mm long.5,50m"
1,24679541,"Madrier Sapin/Epicéa section 75x225mm long.5,00m"
1,24691895,Chaux aérienne éteinte CAEB CL 90-S CE - sac de 25kg
1,24691901,Chaux hydraulique CALIX grise HL 5 CE - sac de 35kg
1,24694148,Appui de fenêtre béton gris avec isolant - 900x350mm
1,24695114,Rehausse béton pour fosse toutes eaux diam.ext.50cm haut.25cm
1,24695695,Anneau de puits en béton droit diam.int.1m haut.30cm
1,24697521,"Treillis soudé ST15C D6 maille 20x20 - panneau 4x2,40m"
1,24698719,"Treillis soudé PAFC D4,5 maille 20x20 - panneau 3,60x2,40m"
1,24698726,"Treillis soudé ST25CS D7 maille 15x15 - panneau 3x2,40m"
1,24699242,Tuile PERSPECTIVE rouge vieilli - PY001
1,24699273,Tuile PLEIN CIEL brun - PW001
1,24701075,Trappe de visite dim.50x50cm acier laqué blanc
1,24706834,Fourrure PREGYMETAL s47/6 - 3m
1,24707602,"Plaque de plâtre ignifuge PREGYFEU A1 BA13 - 2,50x1,20m"
1,24708951,"Doublage polystyrène graphite PREGYTHERM BA13+100 - 2,50 x 1,20 m - R=3,15m².K/W"
1,24719025,Faitière d'about 42 fin PETITE CÔTE rouge vieilli - DY041
1,24722025,"Poutrelle en béton précontraint RS 111 - L.3,00 m"
1,24723305,"Elément de pilier lisse dim.30x30cm haut.17,4cm coloris beige"
1,24723428,Elément de pilier LLICORELLA dim.30x30cm haut.20cm coloris ton pierre
1,24749534,Imperméabilisant ALGIFOB+ effet mouillé - bidon de 5 l
1,24749640,"Solivette Sapin/Epicéa traitement Classe 2 section 38x175mm long.3,00m"
1,24751834,"Caniveau DRAINYL ECO PEHD 100 haut int.7,5cm haut ext.8,8cm larg int.10cm larg ext.13,5cm long.1m"
1,24768771,Pilier à enduire gris - 26x26x20cm
1,24775533,Mitigeur lavabo EUROSTYLE GROHE laiton chromé
1,24778787,"Rouleau de plomb ép.1,5mm long.5m larg.30cm coloris naturel"
1,24780933,"Demi-bastaing Sapin/Epicéa traitement Classe 2 section 32x175mm long.3,00m"
1,24781190,"Bastaing Sapin/Epicéa traitement Classe 2 section 63x175mm long.2,00m"
1,24781268,"Bastaing Sapin/Epicéa traitement Classe 2 section 50x150mm long.5,00m"
1,24781398,"Poutre Sapin/Epicéa section 150x150mm long.2,50m"
1,24781411,"Poutre Sapin/Epicéa section 150x150mm long.3,00m"
1,24781800,"Planche de coffrage Sapin/Epicéa section 27x200mm long.5,00m"
1,24786331,Brosse spéciale pour peinture acrylique manche polypropylène - lot de 3 pièces
1,24790475,Porte d'entrée PVC GALLUS blanc vitrage demi-lune dormant 60 mm - 215 x 90 cm - gauche poussant
1,24807357,Tuile PLATE 17x27 phalempin - vieilli - 500
1,24819985,Rehausse béton RH30 avec emboitement int.30x30X20cm ext.36x36x20cm
1,24820066,Rehausse béton RH50 avec emboitement int.50x50X34cm ext.59x59x34cm
1,24838146,"Treillis soudé PAFC Ø4,5 - maille 20 x 20 - L.3,60 x l.2,40 m"
1,24845540,Géotextile BIDIM WEED STOP S - 25x1m
1,24893053,"Peinture sol semi-brillante intérieur-extérieur 2,5L gris souris"
1,24893121,"Peinture sol semi-brillante intérieur-extérieur 0,5L pierre"
1,24893138,"Peinture sol semi-brillante intérieur-extérieur 2,5L pierre"
1,24894111,"Laque satinée glycéro intérieur-extérieur 0,5L noir"
1,24894210,"Peinture fer antirouille intérieur-extérieur 0,5L vert mousse"
1,24894685,"Lasure bois glycéro ADDICT chêne rustique - pot de 0,75l"
1,24900225,Bloc béton creux 1 lame B40 - 15x20x50cm
1,24900362,"Planelle de rive béton - 6,2x19x100cm"
1,24901147,"Madrier Sapin/Epicéa traitement Classe 2 section 250X100mm long.5,00m"
1,24901154,"Madrier Sapin/Epicéa traitement Classe 2 section 250X100mm long.6,00m"
1,24905237,Brouette VERTE roue simple - 90l
1,24914246,"Tablette Sapin du nord B/C - 300 x 18 mm L.2,00 m"
1,24915298,Plan de travail lamellé collé abouté chêne brut - 250 x 65 cm ép.36 mm
1,24929752,Panneau OSB 3 - 2500 x 1250 x 12 mm
1,24934008,"Bastaing Sapin/Epicéa traitement Classe 2 section 240x120mm long.5,00m"
1,24934015,"Bastaing Sapin/Epicéa traitement Classe 2 section 240x120mm long.6,00m"
1,24935777,Bois Massif Abouté (BMA) Sapin/Epicéa traitement Classe 2 section 45x145 long.6m
1,24937337,Bois Massif Abouté (BMA) Sapin/Epicéa non traité section 45x220 long.5m
1,25033304,Tuile NEOPLATE - chevreuse - 333
1,25065817,Chapeau de cheminée béton ASP VENTYL int.30x30cm ext.54x54cm
1,25066104,Regard béton RMJ40 de bouclage 5 entrée à joints int.42x42x25cm ext.46x46x28
1,25066623,Essemble caniveau DRAINYL CP100 + grille caillebotisDRAINYL CP100
1,25119060,Trappe de visite métallique laquée blanche - 500 x 500 mm
1,25171570,Mortier WEBER CHAPE LEGERE - sac de 25kg
1,25176391,Mortier REPARATION DE PIERRE TF 26-7041 - sac de 25kg
1,25213799,Mortier pour système ITE WEBERTHERM XM - sac de 25kg
1,25282672,Panneau JACKOBOARD PLANO à carreler ou à peindre - 260x60cm. Ep.20mm
1,25286595,Raccord pour fenêtre VELUX sur ardoises EDN MK08 type 0000 pose encastrée
1,25362572,"Plaque de plâtre ignifuge FIREPANEL A1 BD12,5 - 2,50 x 1,20 m"
1,25377989,"Laine de verre ULTRACOUSTIC non revêtue - 8 x 0,6 m Ep.45 mm - R=1,20m².K/W."
1,25386165,1/2 tuile OCCITANE silvacane littoral - UT002
1,25397949,Tuile CHARTREUSE brun vieilli - CH001
1,25397956,Tuile CHARTREUSE brun masse - CH001
1,25405019,"Tuile CANAL MIDI 50 x 21,5 cm - silvacane littoral"
1,25405330,Tuile rive droite REGENCE brun vieilli - RGC46
1,25409888,Tuile GALLO-ROMANE brun masse - GL601
1,25426427,"Plaque ondulée FR 5 ondes standard teinte naturelle - 1,525x0,918m"
1,25426434,"Plaque ondulée FR 5 ondes standard teinte naturelle - 1,585x0,918m"
1,25509878,Double tuile GRAND SUD galia - Q33
1,25573459,Membrane d'étanchéité SOPRALENE FLAM 180 - rouleau de 6x1m
1,25660852,Extracteur statique SEBICAPE pour souche avec simple enduit - conduit 20x20cm
1,25675788,"Treillis soudé PAF10 D5,5 maille 20x20 - panneau 4,20x2,40m"
1,25675894,"Treillis soudé ST65C D9 maille 10x10 - panneau 6x2,40m"
1,25681987,"Liteau Sapin/Epicéa section 28x38mm long.4,00m"
1,25685275,Regard hydraulique de trottoir C250 à cadre carré 70x70cm
1,25686500,"Tablette mélaminée 2 chants ép.18mm larg.60cm long.3,05m Blanc givré"
1,25714487,Chainage 4HA10 - cadre 30/40cm - 15x30cm 6m
1,25716641,Chainage 3HA8 - cadre 30/40cm - 10x10cm 6m
1,25727999,"Panneau BRICO D3,5 maille 15x17 - 2,40x1,20m"
1,25728323,"Panneau gabion 50x50cm maille 10x5cm diamètre fil 4,5mmx4,5 galvanisé"
1,25748918,Bordure béton A2 classe T gris - 100x15x20cm
1,25749083,Bordure béton AC2 granité - 100x27x18cm
1,25750003,"Bloc béton FORTIN gris - 20x52x13,5cm"
1,25752250,Dalle grabillonnée R50 crème fond blanc - 50x50x4cm
1,25754353,"Pavé béton ARVOR vieilli saumon nuancé - 12,5x12,5x5cm"
1,25777420,Enduit facade PRB 85H ton pierre 015 - sac de 25kg
1,25778700,Enduit facade PRB 85H blanc de Noirmoutier 013 - sac de 25kg
1,25802016,Enduit parement BELLE EPOQUE GM Vallée de Sèvres 012 - sac de 25 kg
1,25850819,Mortier de façade COLORCHAUSABLE TF sac 35kg teinte 029
1,25858402,Bloc béton creux 1 alvéole B40 CE/NF - 10x20x50cm
1,25858518,Bloc béton angle CE/NF - 20x20x50cm
1,25858525,Bloc béton à bancher CE/NF - 20x20x50cm
1,25936261,Poutrelle en béton précontraint RSE 133 - L.3 m
1,25958713,Bloc béton creux végétalisable BETOFLOR ton pierre
1,25958768,Bloc module béton creux végétalisable BETOJARD ton pierre - 25x20x50cm
1,25958904,Bloc béton maxi B40 - 15x25x50cm
1,25959130,Bloc béton creux B40 - 25x20x50cm
1,25975178,Cisaille Pélican passe-franc coupe droite pour droitier - 300mm
1,25987669,Marteau de couvreur manche cuir panne courte pour gaucher
1,25994483,Drain annelé PVC D100 - couronne de 25m
1,26045580,Solin joint mastic nuance zinc avec bavette 20cm en plomb plissé rouge long.2m
1,26049656,"Joint creux Aluminium laqué ép.10mm long.3,00m"
1,26070247,Stabilisateur de graviers MINERIALE EASY simple dalle - 120 x 80 x 3 cm - blanc
1,26071718,Gaine ICTA avec tire-fils D20 - 100m
1,26074375,"Madrier Sapin/Epicéa Choix 2 traité section 75x200mm long.5,00m"
1,26074610,"Bastaing Sapin/Epicéa Choix 2 section 63x175mm long.4,50m"
1,26075068,"Chevron Sapin/Epicéa Choix 2 section 75x115mm long.4,00m"
1,26075280,"Chevron Sapin/Epicéa Choix 2 section 50x50mm long.4,00m"
1,26103167,Béton prêt à l'emploi PRB BÉTON Gris - sac de 30 kg
1,26121093,"Doublage polystyrène graphite PREGYTHERM BA10+40 - 2,50 x 1,20 m - R=1,15m².K/W"
1,26248691,Peinture organique CRYLANE J39 sable d'athènes - seau de 20kg
1,26252339,Toile de verre TV10N - rouleau de 50X1m
1,26257778,Joint de carrelage 547 PROLIJOINT RUSTIC rose - sac de 25kg
1,26273099,"Joint de carrelage décoratif 5046 ELIT noir - boite de 2,5kg"
1,26298009,Gravillon 4/14 roulé lavé recomposé blanc de marne big bag de 1m3
1,26349985,Tuyau AQUATUB CR8 en PE-HD avec tulipe intégrée + joint - diamètre nominal 400+300mm - barre de 6m
1,26351629,Drain agricole EURODRAIN en PVC-U perforé - diamètre nominal 65mm - couronne de 50m
1,26373188,"Teinte pour lambris pin des Landes massif CALLAO - pot de 0,25l - hermine"
1,26407081,"Joint d'étanchéité TP600 Illmod anthracite 20/5-11 5,6m - boîte de 3 rouleaux"
1,26426266,Lame clôture PVC à emboiter - h.20 x L.300 x ép.3 cm - blanc
1,26426952,Vernis pavés briques mat - pot 1l
1,26450391,Socle d'escalier en hêtre finition 2 angles arrondis - haut.22cm
1,26475868,"Bande de rive zinc naturel - 2000x250x0,65mm"
1,26507088,Tube d'évacuation PVC INTERPACT M1 D100 - 4m
1,26528526,Enduit de ragréage autolissant fibré WEBERNIV FOR - sac de 25kg
1,26584539,Pierre naturelle SOLNHOFEN ép.8/12mm palette 40m2
1,26690087,Ponceuse excentrique 270W PEX 300 AE
1,26714837,Détendeur Propane Twiny
1,26715148,Scie plongeante 1300WW 165mm
1,26830766,Piquet de chantier - 40 x 40 mm L.1 m
1,26838557,"Doublage polyuréthane extrudé KTHANE SOL RB4 - 1,2 x 1 m Ep.24 mm - R=1,05m².K/W"
1,26863498,Lambourde composite pour lame de terrasse gris anthracite - 50x50mm 4m
1,26864891,"Lame de terrasse bois exotique IPE - 21x145mm 2,45m"
1,26872148,Sable 03 - sac de 25kg
1,26896854,Bombe aérosols pour carroserie VEHIDECOR coloris noir métal - aérosol de 400ml 
1,26907871,"Film sous dallage en polyéthylène 150 microns - 33,33 x 6 m"
1,26954141,Peinture bois PE B45 satin blanc - pot 5l
1,26954387,"Peinture bois PE B60 satin blanc - pot 0,5l"
1,27008874,"Echafaudage PIEGO GRAND PUBLIC pliable h.travail - 2,90m"
1,27066263,Boîte aux lettres PREFACE 1 porte - ivoire
1,27066997,Manille lyre avec piton à il acier allié galvanisé haute résistance axe 22mm larg.int.32mm - charge maximale 4750kg
1,27196977,Enduit d'imperméabilisation de façade WEBERPRAL F 016 ton pierre - sac de 25kg
1,27204221,Enduit d'imperméabilisation de façade WEBERPRAL F 000 blanc - sac de 25kg
1,27221952,Madrier sapin traité vosgges - 75x225mm 8m
1,27222997,Poutre sapin - 150x150mm 4m
1,27238370,"Doublage polyuréthane POLYPLAC THANE F 13+50 - 2,50 x 1,20 m - R=2,45m².K/W"
1,27273777,"Echafaudage PENNY GRAND PUBLIC h.travail - 2,90m"
1,27511893,Bloc-porte alvéolaire KAORI gravé à peindre à recouvrement H.Néolys 90x49mm - 204 x 73 cm - gauche poussant - serrure PDDT
1,27512517,Bloc-porte alvéolaire KETCH gravé à peindre à recouvrement H.Néolys 74x49mm - 204 x 73 cm - gauche poussant - serrure PDDT
1,27513446,"Bois massif abouté pin sylvestre - 60 x 80 mm L.4,20 m"
1,27513453,"Bois massif abouté pin sylvestre - 80 x 220 mm L.4,20 m"
1,27543979,Module Q-BIC PLUS 416L - 1200x600x600mm
1,27601372,Portillon bois pour clôture plate - L.1 x h.1 m
1,27631904,Aspirateur inox eau et poussière 30l - 1400W
1,27666562,Pompe évacuation ECC PRO 300 1200W pour eaux chargées
1,27667026,Enduit d'imperméabilisation de façade WEBERLITE F 000 blanc - sac de 25kg
1,27671023,Enduit d'imperméabilisation de façade WEBERLITE F 082 rose orange - sac de 25kg
1,27672358,Vis penture STARBLOCK tête large acier zingué noir 6 x 40 mm - boîte carton bec verseur de 200 pièces
1,27681046,Lève plaque à crémaillère EDMAPLAC 450
1,27730478,Porte seule alvéolaire rainuré KAORI prépeint - 204x73cm
1,27743591,"Peinture façade acrylique blanc - pot de 2,5L GEDIMAT PERFORMANCE PRO"
1,27765005,Tubage STARFLEX 2010 lisse 10/100 D150 - bobine de 33m
1,27786338,Tampon béton D50 pour fosse
1,27790687,"Plinthe droite MDF revêtue mélaminé blanc - 10 x 70 mm - 2,40 m"
1,27841273,"PLAT 100X2,5 BLANC 9010 EN 3M"
1,27852897,"Portail coulissant ALABAMA alu gris anthracite structuré - h.1,66 x l.4,10 m"
1,27866870,Plinthe sol stratifié SOLID ET SOLID MEDIUM MDF mélaminé - 2500 x 80 x 15 mm - chêne amande
1,27880258,Télémètre laser GEODIST 30
1,27882023,Fenêtre tout confort VELUX GGL UK04 type 2057 WHITE FINISH haut.98cm larg.134cm
1,27882313,Fenêtre standard VELUX GGL CK02 type 2054 WHITE FINISH haut.78cm larg.55cm
1,27885345,Scie cloche bimétal cobalt 8% haute résistance - D65mm
1,27911730,Coude 45° THERMINOX ZI D150
1,27944332,Béton BETON PRO 350 - sac de 35kg
1,27953235,"Pack batterie NRJ M18 NRG-502 18V 5,0AH"
1,27964750,Perceuse percussion bl 45nm
1,27966259,Perceuse visseuse - 18V
1,28017899,"Plancher collaborant PCB 60 galva - 4x0,828m ép.0,75mm"
1,28138495,Prise de courant avec terre NEPTUNE blanc 16A
1,28145530,"Laine de verre PAR PHONIC non revêtue - 10 x 0,60 m Ep.70 mm - R=1,75m².K/W."
1,28268383,"Tôle biface acier RAL 8012 rouge / RAL 1015 beige - 1,35 x 0,75 m"
1,28611721,Hydro-oléofuge 240 LANKO RESIST EFFET MOUILLE - bidon de 5l
1,28745457,Laine de roche à souffler JETROCK 2 - sac de 20 kg
1,28852513,"Plaque de plâtre standard HABITO BA13 - 2,50x1,20m"
1,28873341,Bloc-porte alvéolaire prépeint à recouvrement H.Néolys 90x49mm - 204 x 83 cm - gauche poussant - serrure PDDT
1,28884248,"Lame de terrasse anti-dérapante bois exotique Cumaru - 21 x 145 mm L.3,05 m"
1,28888628,Lambourde Pin Sylvestre vert - 45 x 70 mm L.3 m
1,28889816,"Portail coulissant GAËL alu gris anthracite structuré - h.1,707 x l.4 m"
1,28929246,Tondeuse autotractée 4 temps 163cm3 56cm
1,29013432,"Ciment DURABAT X-TREM CEM II/A-S 52,5N CE PM-CP2 NF - sac de 25kg"
1,29013449,"Chaux hydraulique NATHURAL NHL 3,5 CE - sac de 25 kg"
1,29037667,Aérosol COLOR TOUCH satin - anthracite - bombe de 400 ml
1,29064649,Plan de travail lamellé collé abouté acacia huilé teck - 250 x 65 cm ép.36 mm
1,29090747,Scie sauteuse M18 BJS-0X 18V
1,29091874,Primaire avant ragréage des sols WEBERPRIM UNIVERSEL - seau de 10kg
1,29096855,Escabeau pro en alu 5 marches GEDIMAT PERFORMANCE PRO
1,29099085,Gaine ALGAINE isolée ép.25mm D160mm - 3M
1,29130849,FORET BETON SDS+ 2 TAILL.D.25MM L.1000MM
1,29184040,Enduit de restauration PAREXAL V10 pierre - sac de 25kg
1,29185375,Enduit de restauration PAREXAL J40 sable jaune - sac de 25kg
1,29185382,Enduit de restauration PAREXAL J50 jaune paille - sac de 25kg
1,29238798,Mortier d'imperméabilisation 222 LANKOFUGEANT - sac de 25kg
1,29254071,Tuile HP10 - ardoisé - 205
1,29296590,"Plaque de plâtre hydrofuge KH Haute Dureté PHONIK BA13 - 2,50x0,60m"
1,30002038,Sable polymère de jointoiement DR+ NEXTGEL ton pierre - bidon de 25kg
1,30005035,Mousse expansive pistolable - cartouche de 750ml GEDIMAT PERFORMANCE PRO
1,30005100,Primaire universel - bidon de 5L - GEDIMAT PERFORMANCE PRO
1,30005368,Scellement chimique rapide ANCHORFIX-1+ gris - cartouche de 300ml
1,30005380,"Dispersion aqueuse SIKALATEX 360 blanc - doypack de 0,5l"
1,30008348,"Velours de peinture blanc porcelaine - pot 2,5l"
1,30009255,Primaire d'accrochage 164 PROLIPRIM RAPID - seau de 15kg
1,30009944,Rond à béton cranté Ø8 mm - L.6 m
1,30009945,Rond à béton cranté Ø10 mm - L.6 m
1,30009949,"Treillis soudé ST25CS Ø7 - maille 15 x 15 - L.3 x l.2,40 m"
1,30010346,"Ecran pare vapeur SD20M - 50 x 1,50 m - GEDIMAT PERFORMANCE PRO"
1,30018519,Bâche de protection DELTA PLAN 2000 - 10x6m
1,30021114,Mortier de colmatage KRISTOP K234 gris - seau de 5kg
1,30022527,Groupe électrogène HD 4200W
1,30025240,Genouillère mousse jaune EN14404 - TU
1,30026436,Granulés de bois BIO pour poêle à pellets sac de15kg
1,30028162,"Fenêtre PVC blanc VISION à Soufflet - Haut.45cm larg.1,00m"
1,30028209,"Fenêtre PVC blanc VISION 2 vantaux oscillo-battant vitrage transparent - Haut.1,45m larg.1,00m"
1,30028230,"Porte fenêtre PVC blanc VISION 3 vantaux grand vitrage - Haut.2,15m larg.1,80m à serrure"
1,30043908,Surplinthe MDF plaqué chêne brut - 2230 x 92 x 20 mm
1,30044710,"Bonde lavabo-vasque écoulement libre, haut.60mm, clapet laiton chromé diamètre 66 mm, corps laiton chromé, serrage 8.35 mm, sans lanterne, débit 45 l.mn"
1,30051995,Enduit imperméabilisant MONOREX GF J39 sable d'athènes - sac de 25kg
1,30052127,Enduit imperméabilisant MONOREX GF V10 pierre - sac de 25kg
1,30052208,Enduit imperméabilisant MONOREX GM O10 sable - sac de 25kg
1,30052568,Enduit de restauration PARLUMIERE MOYEN G20 blanc cassé - sac de 25kg
1,30053276,Peinture murs et plafonds blanc velours - pot de 10l
1,30053800,Nettoyeur de haute pression PREMIUM 190-12
1,30063978,Enduit de parement minéral mince WEBERTOP UNIVERSEL 001 blanc cassé - sac de 25kg
1,30065047,Enduit joint J2 - sac de 25kg
1,30065263,"Dalle portée UNIMAT ULTRA - 2,50x1,20m Ep.160mm - R=5,00m².K/W"
1,30065324,"Panneau UNIMAT SOL ULTRATECH - 1,20X1m Ep.120mm - R=3,90m².K/W"
1,30067664,PLATEAU TABLE CHENE RUST.2000X800X40
1,30067755,Mortier-colle pour carrelage WEBEREPOX EASY E04 beige crème - seau de 5kg
1,30070399,Cavalier INTEGRA ZEN 70mm - boite de 50 pièces
1,30070688,Colle bloc béton cellulaire KEDOCOL super gris - sac de 5kg
1,30070732,Enduit de lissage POUSSIERE MAITRISEE - pot de 25kg
1,30072882,"Vis plaque de plâtre - 3,5/25mm - boîte de 1000 pièces"
1,30079246,Fourrure 18/45 NF - 4m
1,30090551,Botte PVC GROUNDHC OB verte - Taille 42
1,30101740,Evier à encastrer MAJORQUE 1 grande cuve + 1 égouttoir - 100 x 50 cm - blanc
1,30103735,Kit garde-corps PURE BLACK alu noir - fixation au sol - 2.50 m
1,30113548,Groupe électrogène 2400w monophasé à essence WX3200
1,30113555,Groupe électrogène inverter 1700w monophasé PMi2000 silencieux
1,30113564,Groupe électrogène inverter 3000w monophasé P3500I insonorisé
1,30117333,SELLE DE BRANCHEMENT MF 90' D.160/40
1,30120062,PVC MANCHON A BUTEE FF D.140 EVACUATION
1,30127098,Brouette CRUSADER BATI PLUS 120 RENO roue gonflée
1,30140563,Enduit imperméabilisant MONODECOR GM T40 sable orange - sac de 25kg
1,30142860,Nettoyeur haute pression compact MH 3C-145/600 PAX EU
1,30169680,"Frein-vapeur PAVATEX DB 3.5 - rouleau de 50x1,50m"
1,30170191,Chauffe-eau OLYMPIC stéatite horizontal mural blanc - 200l
1,30170192,Chauffe-eau OLYMPIC stéatite horizontal mural blanc - 150l
1,30177845,Mécanisme pour lames orientables gris anthracite
1,30182102,"Kit d'occultation DUOFUSE pour panneaux GIGA & EXPERT graphite black - L.2,50 x h.1,73 m"
1,30213162,Porte d'entrée acier MALON blanc vitrée en demi-lune dormant 54 mm - 215 x 90 cm - droit poussant
1,30213950,"Abri de jardin TISON - 2x2,03m - 4,06m²"
1,30233193,Mortier-colle PARMUCOL spécial façade - sac de 25kg
1,30234574,Curatif et préventif DALEP PE - bidon de 30 l
1,30236093,Enduit SUPERBRUT blanc de la côte - sac de 20 kg
1,30236094,Enduit SUPERBRUT blanc de Noirmoutier - sac de 20 kg
1,30237474,Peinture ACRYL jaune Touraine T0 - pot de 20kg
1,30246164,Mastic multi usages MS9 ORIGINAL brun - cartouche de 300ml
1,30246926,Saturateur bois SX630-HC nature - pot de 10l
1,30263049,Ardoise fibres-ciment ARTOIT n°5 noir - 40x40cm
1,30263200,Ardoise fibres-ciment ORLEANE anthracite - 40x24cm
1,30263382,Motorisation EUROPRO 720 avec rail 2RSC4
1,30263881,"Doublage polyuréthane SIS REVE SI 10+80 - 2,50 x 1,20 m Ep.90 mm - R=3,75m².K/W"
1,30264533,Bétonnière éléctrique G165 cuve 165 l GEDIMAT PERFORMANCE PRO
1,30267520,Tuyau HEKABLEU en PE-HD noir à bandes bleues - diamètre nominal 25mm - couronne de 50m
1,30267761,Filtre compact BIOMERIS 5EH sortie haute - 1 800L
1,30267870,Ensemble complet de chasse d'eau- mécanisme 3/6L + robinet JOLLYFILL FL150
1,30269569,Revêtement d'imperméabilité pour façades fissurées WEBERDEKO SOUPLE 500T blanc kaolin - seau de 18kg
1,30276939,Bloc béton creux PLANIBLOC - 20x25x50cm
1,30278688,Va et vient étanche PLEXO complet saillie gris 10A
1,30282910,"Profil de départ en aluminium anodisé - 2600 x 18 x 5,5 mm - titane"
1,30283846,"Gouttière 1/2 ronde de 25 sans pince boudin 14mm quartz-zinc - L.4m ép.0,65mm"
1,30283991,Rond à béton cranté - HA10 6m
1,30288323,Kit 2 charnières pour caisson - 120x60x20mm
1,30288340,Poignée de cuisine coupelle or brossé - 90 mm
1,30312879,Rondin pin de Nord vert - Ø8 cm L.2 m
1,30312883,Rondin pin de Nord vert - Ø12 cm L.2 m
1,30312885,Rondin pin de Nord vert - Ø10 cm L.3 m
1,30312886,"Rondin pin de Nord vert - Ø10 cm L.2,50 m"
1,30320482,"Enrouleur de câble BAT-PRO H07RN-F 3G2,5 - 40m"
1,30334064,Profil INCIZO 5 finition en 1 - 2150 x 48 x 13 mm - chêne insulaire
1,30334198,Mortier joint beige - sac de 25 kg
1,30335214,"Carton SLIMISOL mur - 600 x 200 Ep.20 mm - R=3,05m².K/W"
1,30337405,Sèche-serviettes électrique fluide KELUD SLIM anthracite - 1750W
1,30350402,Joint large hydrofugé double gâchage XT beige tibet - sac de 25kg
1,30353211,Arrêt de cornière alu 10 mm - 2.50 m - anodisé noir
1,30353745,Plinthe PVC semi-rigide - 100 mm x 2.20 m - noir
1,30354151,Barre range-couvercles en acier 790 mm - blanc
1,30354542,Dalle GALAXIE en pierre reconstituée - 50 x 50 x 3 cm - Lubéron - Vendue à la palette de 7.5 m²
1,30355196,Carrelage sol extérieur SHERWOOD - 40 x 120 cm ép.20mm - walnut
1,30355689,Bloc-porte alvéolaire NOVA gravé à peindre Hui.74 mm - 204 x 73 cm - droit poussant
1,30356046,Chaussure haute STEGO S3 SRC noir/gris - taille 46
1,30357927,Peinture pour toiture - brun pot de 10 l
1,30358619,Plot CLEMAN autonivelant réglable de 130 à 230 mm
1,30358844,Fond de hotte verre trempé émaillé noir - 900 x 700 x 6 mm
1,30362021,Bloc-porte ATELIER alu noir H.72 à 100 mm - 204 x 83 cm - droit poussant
1,30362022,Bloc-porte ATELIER alu noir H.72 à 100 mm - 204 x 83 cm - gauche poussant
1,30362517,Ensemble meuble ALGARVE + plan vasque céramique blanche - 120 cm - chêne futura
1,30362958,Kit habillage BERING pour châssis à galandage 1 portes recoupable - décor chêne naturel
1,30364340,Porte de placard coulissante - 250 x 90 cm - blanc
1,30410148,Tubulure gain de place - sortie Ø32 mm
1,30419798,"Doublage thermo-acoustique POLYPLAC PHONIK D avec pare vapeur 13+100 mm - R=3,15m².K/W - 3 x 1,20 m"
1,30420182,Chaux de stabilisation minérale EKO V.I.A - sac de 25 kg
1,30433134,Mortier colle ULTRALITE S2 FLEX 15 kg - blanc
1,30433858,Découpeur ponceur sans-fil GOP 18V-34 solo en coffret L-BOXX
1,30435528,"Fibre de bois PAVAFLEX CONFORT 36 - 1,22 x 0,575 m ép.145 mm - R=4,00m².K/W"
1,30449082,Kit 3 pièces STACKTECH
1,30458161,"Bande de chant ABS D4809 granit grey VL - 22 x 0,8 mm - rouleau de 150 m"
1,30458476,"Liège expansé PAVAROOF ICB - 1 x 0,50 m ép.60 mm - R=1,50 m².K/W"
1,30458484,Membrane d'étanchéité SOPRALENE FLAM 180 AR - rouleau de 6 x 1 m - blanc Chagall
1,30458883,"Brise-vue VIMET DUO - L.3 x h.1,50 m"
1,30459135,"Planelle THERMOSTOP P6,5 - 625 x 200 mm - palette de 100 pièces"
1,30459178,Linteau armé YTONG - 1250 x 250 x 200 mm
1,30460435,Panneau mural DUVAL - 2700 x 122 x 12 mm - chêne clair
1,30522035,Porte de service PVC DAKAR gris anthracite 7016 dormant 60 mm - 200 X 90 cm - gauche poussant
1,30522047,Porte de service PVC BIZERTE gris anthracite 7016 dormant 60 mm - 200 x 90 cm - gauche poussant
1,30522735,"Portail coulissant FIDJI PVC blanc - h.1,55 x l.4 m"
1,30809424,"Façade de cuisine MONDO 1 porte / 1 abattant chêne brut H10/H11 - H.42,8 x l.60 cm"
