Nom Magasin,Sessions,Visiteurs
Vilvert - Sainte-Foy-lArgentière - E-commerce,76,56
Vilvert - Montrond-les-bains - E-commerce,118,95
Vilvert - Montbrison - E-commerce,103,88
Vibraye Matériaux - Vibraye - E-commerce,39,34
Vialleix Brico - Bort-les-Orgues - E-commerce,30,24
Unibois - Lure - E-commerce,104,73
Trichet - Hirson - E-commerce,291,191
Terral - Lacaune - E-commerce,82,66
Sundgau Matériaux - Bréchaumont - E-commerce,177,165
Suhas Matériaux - Peyrehorade - E-commerce,68,54
Stoker - Pouilly-en-Auxois - E-commerce,20,11
Stoker - Ménétreux-le-Pitois - E-commerce,52,37
Stoker - Dijon - E-commerce,184,168
Sonovam - Peypin - E-commerce,178,158
Socramat - La Guerche-de-Bretagne - E-commerce,85,75
Socramat - Craon - E-commerce,160,112
Sefor - Houilles - E-commerce,1067,942
Sahores - Orthez - E-commerce,93,81
Rolampont - Rolampont - E-commerce,55,49
Raynal - Riom - E-commerce,224,148
Provibat - Riorges - E-commerce,108,90
Provibat - Charlieu - E-commerce,37,33
Pagani Distribution - Oyonnax - E-commerce,124,86
Mudry Lombard - Margencel - E-commerce,101,81
Moreau Matériaux - Saint-Maurice-les-Brousses - E-commerce,202,182
Moreau Matériaux - Châlus - E-commerce,41,23
Millancourt et Nicolas - Oisemont - E-commerce,130,106
Millancourt et Nicolas - Neufchâtel-en-Bray - E-commerce,140,97
Millancourt et Nicolas - Morvillers-Saint-Saturnin - E-commerce,54,38
Millancourt et Nicolas - Gamaches - E-commerce,103,73
Millancourt et Nicolas - Friville-Escarbotin - E-commerce,98,77
Millancourt et Nicolas - Eu - E-commerce,264,182
Maury - Saint-Médard-dExcideuil - E-commerce,57,44
Matériaux de Maintenon - Maintenon - E-commerce,117,96
Matériaux Picards - Villers-Bretonneux - E-commerce,263,218
Matériaux Picards - Nesle - E-commerce,82,71
Matériaux Picards - Montdidier - E-commerce,197,135
Matériaux Normands - Totes - E-commerce,279,221
Matériaux Normands - Sainte-Marie-des-Champs - E-commerce,282,239
Matériaux Normands - Bosgouet - E-commerce,421,367
Mathieu - Audun-le-Roman - E-commerce,78,59
Maraj - Sainte-Marie (La Mare) - E-commerce,30,25
Maisonnier - LIsle-Jourdain - E-commerce,33,28
Maisonnier - Bouresse - E-commerce,60,51
MCF - Yzeure - E-commerce,229,152
MCF - Varennes-sur-Allier - E-commerce,33,28
MCF - Lapalisse - E-commerce,94,58
MCF - Domérat - E-commerce,132,95
MCF - Dompierre-sur-Besbre - E-commerce,36,27
MCF - Cosne-dAllier - E-commerce,27,23
MCF - Bourbon-Lancy - E-commerce,78,52
Lesimple - Treillières - E-commerce,133,115
Lesimple - Pouzauges - E-commerce,85,78
Lesimple - Les Sorinières - E-commerce,769,676
Lesimple - Gétigné - E-commerce,98,83
Lesimple - Corcoué-sur-Logne - E-commerce,204,179
Lesimple - Blain - E-commerce,140,122
Legrand - Mondoubleau - E-commerce,34,28
Lauzin - Valence dAgen - E-commerce,93,78
Labenne Rougier - Villenave-dOrnon - E-commerce,277,230
Labenne Rougier - Villenave-d&#039;Ornon - E-commerce,1,1
Labenne Rougier - Vendays-Montalivet - E-commerce,158,115
Labenne Rougier - Tresses - E-commerce,212,181
Labenne Rougier - Saint-Julien-en-Born - E-commerce,73,61
Labenne Rougier - Pugnac - E-commerce,126,107
Labenne Rougier - Pessac - E-commerce,384,338
Labenne Rougier - Pauillac - E-commerce,102,74
Labenne Rougier - Parentis-en-Born - E-commerce,119,92
Labenne Rougier - Miramont-de-Guyenne - E-commerce,40,33
Labenne Rougier - Léon - E-commerce,59,51
Labenne Rougier - Lège - E-commerce,131,98
Labenne Rougier - Langon - E-commerce,104,91
Labenne Rougier - Lacanau - E-commerce,64,45
Labenne Rougier - Lacanau (Bâti) - E-commerce,62,43
Labenne Rougier - La Teste-de-Buch - E-commerce,146,130
Labenne Rougier - La Réole - E-commerce,41,36
Labenne Rougier - Fronsac - E-commerce,126,112
Labenne Rougier - Fauillet - E-commerce,164,80
Labenne Rougier - Duras - E-commerce,65,51
Labenne Rougier - Coutras - E-commerce,66,52
Labenne Rougier - Avensan - E-commerce,121,98
Labenne Rougier - Arbanats - E-commerce,73,63
Labenne Rougier - Aiguillon - E-commerce,52,42
Joly - Sagy - E-commerce,24,22
Joly - Pierre-de-Bresse - E-commerce,127,111
Jacq - Quimper - E-commerce,138,122
Jacq - Pont-lAbbé - E-commerce,55,47
Jacq - Châteauneuf-du-Faou - E-commerce,175,147
Jacq - Callac - E-commerce,101,92
Jacq - Bannalec - E-commerce,24,19
JT Matériaux - Marault - E-commerce,56,46
Imbert - Fourmies - E-commerce,333,250
Henrio - Plouay - E-commerce,51,45
Henrio - Mellac - E-commerce,71,60
Granville Matériaux - Saint-Pair-sur-Mer - E-commerce,191,160
Gabriel - Grenay - E-commerce,111,91
GCCO - Luzy - E-commerce,29,23
GCCO - Autun - E-commerce,94,81
François Matériaux - Villefranche-de-Rouergue - E-commerce,125,106
François Matériaux - Saint-Flour - E-commerce,30,24
François Matériaux - Saint-Chély-dApcher - E-commerce,29,23
François Matériaux - Saint-Benoît-de-Carmaux - E-commerce,41,31
François Matériaux - Millau - E-commerce,105,89
François Matériaux - Marssac-sur-Tarn - E-commerce,79,74
François Matériaux - La Primaube - E-commerce,74,61
François Matériaux - Gaillac - E-commerce,84,73
François Matériaux - Figeac - E-commerce,80,74
François Matériaux - Espalion - E-commerce,47,26
François Matériaux - Couffouleux - E-commerce,57,51
François Matériaux - Bessières - E-commerce,186,170
François Matériaux - Baraqueville - E-commerce,23,18
François Matériaux - Aubin - E-commerce,62,40
Flamary - Argentat-sur-Dordogne - E-commerce,46,33
Feignies - Feignies - E-commerce,86,68
Favre dAnne - Thônes - E-commerce,200,162
Favre dAnne - Frontenex - E-commerce,118,91
Favre dAnne - Flumet - E-commerce,56,34
Favre dAnne - Faverges - E-commerce,182,127
Favre dAnne - Détrier - E-commerce,278,247
Favre d&#039;Anne - Faverges - E-commerce,1,1
Farel Clavel - Uzes - E-commerce,54,44
Farel Clavel - Rochefort-du-Gard - E-commerce,52,47
Farel Clavel - Remoulins - E-commerce,59,46
Farel Clavel - Mazan - E-commerce,16,11
Farel Clavel - LIsle-sur-la-Sorgue - E-commerce,97,85
Farel Clavel - Carpentras - E-commerce,164,118
Farel Clavel - Avignon - E-commerce,208,177
Durruty Matériaux - Messanges - E-commerce,38,22
Durruty Matériaux - Larressore - E-commerce,46,40
Durruty Matériaux - Bénesse-Maremne - E-commerce,35,33
Durruty Matériaux - Bayonne - E-commerce,130,111
Durruty Matériaux -  Saint-Paul-lès-Dax - E-commerce,156,115
Dumeil - Issoire - E-commerce,227,161
Dumeil - Brioude - E-commerce,145,83
Dumeil - Brassac-les-Mines - E-commerce,106,75
Dufrançais - Thiers - E-commerce,183,140
Dufrançais - Billom - E-commerce,130,104
Derrey - Étival-Clairefontaine - E-commerce,46,41
Derrey - Épinal - E-commerce,169,121
Derrey - Vézelise - E-commerce,32,22
Derrey - Sainte-Marguerite - E-commerce,97,70
Derrey - Rambervillers - E-commerce,48,36
Derrey - Pulnoy - E-commerce,65,53
Derrey - Poussay - E-commerce,40,26
Derrey - Lunéville - E-commerce,64,47
Derrey - Longeville-en-Barrois - E-commerce,80,59
Derrey - Laneuveville-devant-Nancy - E-commerce,458,381
Derrey - Bruyères - E-commerce,34,23
Delmonico Dorel - Pierrelatte - E-commerce,85,68
Datas - Seissan - E-commerce,50,45
Conil - Peyruis - E-commerce,101,77
Charroin - Brignais - E-commerce,224,182
Charbonnier - Chauffailles - E-commerce,85,59
Charbonnier - Charolles - E-commerce,145,116
Charbonnier - Baudemont - E-commerce,48,35
Cazorro Matériaux - Portet-sur-Garonne - E-commerce,893,771
Cazorro Matériaux - Carbonne - E-commerce,73,58
Cazorro Matériaux - Auterive - E-commerce,78,68
Castelli - Porto Vecchio - E-commerce,316,233
Brunel - Lunel - E-commerce,89,73
Bruhy Vacherand - Saint-Quentin - E-commerce,220,177
Bruant - Rue - E-commerce,131,92
Broulard Matériaux - Sourzac - E-commerce,69,62
Brochard - Vierzon - E-commerce,55,44
Brochard - Varennes-Vauzelles - E-commerce,140,108
Brochard - Saint-Maur - E-commerce,69,44
Brochard - Saint-Amand-Montrond - E-commerce,44,29
Brochard - Poilly-lez-Gien - E-commerce,22,20
Brochard - Cosne-Cours-sur-Loire - E-commerce,58,37
Brochard - Bourges - E-commerce,83,78
Brochard - Belleville-sur-Loire - E-commerce,44,32
Bracq - Cambrai - E-commerce,134,100
Boulard Verdier - Pérignat-sur-Allier - E-commerce,108,95
Boulard Verdier - Pontgibaud - E-commerce,75,50
Boulard Verdier - La Roche-Blanche - E-commerce,135,93
Boulard Verdier - Gerzat - E-commerce,42,28
Boulard Verdier - Clermont-Ferrand - E-commerce,675,502
Bouchard - Lombez - E-commerce,35,30
Boromat - Saint-Clément-de-Valorgue - E-commerce,5,5
Boromat - Ambert - E-commerce,54,41
Borgo Matériaux - Borgo - E-commerce,177,147
Bonnefoy Pascal - Saint-André-Capcèze - E-commerce,25,15
Bonnefoy Pascal - Langogne - E-commerce,39,22
Bonnefoy Pascal - Grandrieu - E-commerce,14,14
Bonnefoy Pascal - Coucouron - E-commerce,15,13
Bonnefoy Pascal - Costaros - E-commerce,20,18
Balagne Matériaux - Morosaglia - E-commerce,11,7
Balagne Matériaux - LÎle-Rousse - E-commerce,44,34
Balagne Matériaux - Corte - E-commerce,37,34
Balagne Matériaux - Calvi - E-commerce,66,41
Avesnes - Avesnelles - E-commerce,64,43
Aux Docks de Clamart - Clamart - E-commerce,1723,1563
