Nom Magasin,Sessions,% de visiteurs qui reviennent,Visiteurs
GEDEX - LEVALLOIS-PERRET,68353,0.15170046303688328,62630
Aux Docks de Clamart - Clamart - E-commerce,1723,0.22264875239923224,1563
Sefor - Houilles - E-commerce,1067,0.23354564755838642,942
Cazorro Matériaux - Portet-sur-Garonne - E-commerce,893,0.2814526588845655,771
Faure - Villeurbanne,890,0.21454993834771888,811
,785,0.3696883852691218,706
Lesimple - Les Sorinières - E-commerce,769,0.2618343195266272,676
Boulard Verdier - Clermont-Ferrand - E-commerce,675,0.4342629482071713,502
Paris Nord Matériaux - Saint-Maur-des-Fossés,663,0.2703180212014134,566
Derrey - Laneuveville-devant-Nancy - E-commerce,458,0.27034120734908135,381
Guenée Matériaux - Sens-de-Bretagne,442,0.19664268585131894,417
Matériaux Normands - Bosgouet - E-commerce,421,0.30517711171662126,367
Agrimat - Fabrègues,409,0.2265193370165746,362
Labenne Rougier - Pessac - E-commerce,384,0.22485207100591717,338
Imbert - Fourmies - E-commerce,333,0.484,250
Castelli - Porto Vecchio - E-commerce,316,0.49356223175965663,233
Trichet - Hirson - E-commerce,291,0.5706806282722513,191
CGB Troyes - Lavau,290,0.35443037974683544,237
Matériaux Normands - Sainte-Marie-des-Champs - E-commerce,282,0.32217573221757323,239
Matériaux Normands - Totes - E-commerce,279,0.47058823529411764,221
Béarn Matériaux - Morlaas,278,0.2782258064516129,248
Favre dAnne - Détrier - E-commerce,278,0.22267206477732793,247
Labenne Rougier - Villenave-dOrnon - E-commerce,277,0.3652173913043478,230
Sosaca - Montauroux,272,0.13618677042801555,257
Talbot - Marennes,271,0.2643171806167401,227
Envain Matériaux - Baisieux,268,0.20675105485232068,237
Millancourt et Nicolas - Eu - E-commerce,264,0.5769230769230769,182
Matériaux Picards - Villers-Bretonneux - E-commerce,263,0.3394495412844037,218
Bracq - Orbec,257,0.1630901287553648,233
Vallier - Ville-la-Grand,255,0.2245762711864407,236
Ferrand - Vannes,244,0.2222222222222222,198
Ligouy - Épieds-en-Beauce,243,0.2,225
GBMC - Pirey,242,0.27751196172248804,209
Sophonet - Marseille,239,0.1963470319634703,219
MCF - Yzeure - E-commerce,229,0.4934210526315789,152
Sat Matériaux - Joué-lès-Tours,229,0.30392156862745096,204
Dumeil - Issoire - E-commerce,227,0.5341614906832298,161
Charroin - Brignais - E-commerce,224,0.2032967032967033,182
Montagnat - Saint-Jean-de-Bournay,224,0.28191489361702127,188
Raynal - Riom - E-commerce,224,0.5135135135135135,148
Terrasson - Vouillé,222,0.3036649214659686,191
Obré Matériaux - Canet-en-Roussillon,221,0.16,200
Bruhy Vacherand - Saint-Quentin - E-commerce,220,0.2937853107344633,177
Anchetti - Ajaccio,213,0.34831460674157305,178
Labenne Rougier - Tresses - E-commerce,212,0.24861878453038674,181
Farel Clavel - Avignon - E-commerce,208,0.2824858757062147,177
Marignane Matériaux - Marignane,206,0.2346368715083799,179
Lesimple - Corcoué-sur-Logne - E-commerce,204,0.18435754189944134,179
Tonetti - La Ciotat,204,0.3525641025641026,156
Moreau Matériaux - Saint-Maurice-les-Brousses - E-commerce,202,0.2087912087912088,182
Favre dAnne - Thônes - E-commerce,200,0.3148148148148148,162
Envain Matériaux - Pont-à-Marcq,199,0.24444444444444444,180
Boulogne - Abymes,198,0.36538461538461536,156
Matériaux Picards - Montdidier - E-commerce,197,0.5481481481481482,135
Granville Matériaux - Saint-Pair-sur-Mer - E-commerce,191,0.30625,160
Bessy-Chauvet - Saint-Peray,189,0.2727272727272727,165
Spire - Charleville-Mézières,188,0.35294117647058826,153
François Matériaux - Bessières - E-commerce,186,0.21764705882352942,170
Barthelemy - Marseille,185,0.26875,160
Stoker - Dijon - E-commerce,184,0.21428571428571427,168
Dufrançais - Thiers - E-commerce,183,0.39285714285714285,140
Favre dAnne - Faverges - E-commerce,182,0.4881889763779528,127
Delmonico Dorel - LHorme,181,0.26582278481012656,158
Sonovam - Peypin - E-commerce,178,0.25949367088607594,158
Borgo Matériaux - Borgo - E-commerce,177,0.3945578231292517,147
Sundgau Matériaux - Bréchaumont - E-commerce,177,0.18181818181818182,165
Jacq - Châteauneuf-du-Faou - E-commerce,175,0.3129251700680272,147
Lesimple - Varades,171,0.2549019607843137,153
Derrey - Épinal - E-commerce,169,0.4214876033057851,121
Revillard - Cruseilles,167,0.3969465648854962,131
Bray - Châtillon-sur-Marne,166,0.23943661971830985,142
Sodimat - Bresles,165,0.30303030303030304,132
Farel Clavel - Carpentras - E-commerce,164,0.4661016949152542,118
Labenne Rougier - Fauillet - E-commerce,164,0.4375,80
Delmonico Dorel - Davezieux,162,0.46551724137931033,116
Socramat - Craon - E-commerce,160,0.49107142857142855,112
Labenne Rougier - Vendays-Montalivet - E-commerce,158,0.3739130434782609,115
Durruty Matériaux -  Saint-Paul-lès-Dax - E-commerce,156,0.3565217391304348,115
Socomat  - Tignieu-Jameyzieu,156,0.4166666666666667,120
GBMC - Dole,153,0.24,125
Socramat - Laval,151,0.29310344827586204,116
Lorcamat - Montoy-Flanville,148,0.18181818181818182,132
Labenne Rougier - La Teste-de-Buch - E-commerce,146,0.18461538461538463,130
Négomat - Jassans-Riottier,146,0.2644628099173554,121
Charbonnier - Charolles - E-commerce,145,0.49137931034482757,116
Dornet Matériaux - MERU,145,0.2755905511811024,127
Dumeil - Brioude - E-commerce,145,0.5662650602409639,83
Sosaca - La Seyne-sur-Mer,145,0.22131147540983606,122
CDM - Ecuelles,143,0.3333333333333333,126
Brochard - Varennes-Vauzelles - E-commerce,140,0.3888888888888889,108
Lesimple - Blain - E-commerce,140,0.22131147540983606,122
Millancourt et Nicolas - Neufchâtel-en-Bray - E-commerce,140,0.6082474226804123,97
Jacq - Quimper - E-commerce,138,0.28688524590163933,122
Lombard - Thonon-les-Bains,136,0.3508771929824561,114
Boulard Verdier - La Roche-Blanche - E-commerce,135,0.6236559139784946,93
Gautier Matériaux - Puymoyen,135,0.24299065420560748,107
Quemabri - Quessoy,135,0.19491525423728814,118
Augry - Nere,134,0.17355371900826447,121
Bracq - Cambrai - E-commerce,134,0.46,100
Lesimple - Treillières - E-commerce,133,0.34782608695652173,115
MCF - Domérat - E-commerce,132,0.47368421052631576,95
Bruant - Rue - E-commerce,131,0.42391304347826086,92
Labenne Rougier - Lège - E-commerce,131,0.37755102040816324,98
Dufrançais - Billom - E-commerce,130,0.4519230769230769,104
Durruty Matériaux - Bayonne - E-commerce,130,0.25225225225225223,111
Millancourt et Nicolas - Oisemont - E-commerce,130,0.4811320754716981,106
Joly - Pierre-de-Bresse - E-commerce,127,0.2702702702702703,111
Labenne Rougier - Fronsac - E-commerce,126,0.22321428571428573,112
Labenne Rougier - Pugnac - E-commerce,126,0.35514018691588783,107
François Matériaux - Villefranche-de-Rouergue - E-commerce,125,0.36792452830188677,106
Pagani Distribution - Oyonnax - E-commerce,124,0.46511627906976744,86
Bianucci Matériaux - Uzes,123,0.18181818181818182,110
GBMC - Pontarlier,123,0.297029702970297,101
Lorcamat - Yutz,123,0.28703703703703703,108
Labenne Rougier - Avensan - E-commerce,121,0.3979591836734694,98
Leveilleau - Sainte-Jamme-sur-Sarthe,121,0.2761904761904762,105
Ballivy - Ambronay,120,0.3564356435643564,101
Lunel Négoce - Gisors,120,0.29292929292929293,99
Augier - Saint-Romain-en-Viennois,119,0.2222222222222222,108
Labenne Rougier - Parentis-en-Born - E-commerce,119,0.34782608695652173,92
Bianucci Matériaux - Nîmes,118,0.21428571428571427,112
Favre dAnne - Frontenex - E-commerce,118,0.32967032967032966,91
Henrio PPI - Lanester,118,0.21568627450980393,102
Sodimat - Choisy-au-Bac,118,0.31958762886597936,97
Vilvert - Montrond-les-bains - E-commerce,118,0.17894736842105263,95
Gouéry - Breuilpont,117,0.28431372549019607,102
Matériaux de Maintenon - Maintenon - E-commerce,117,0.3020833333333333,96
Bray - Mouroux,114,0.2727272727272727,88
Culoz Matériaux - Culoz,114,0.3855421686746988,83
Alti Matériaux - Sainte-Sigolène,113,0.30337078651685395,89
Martinique Matériaux - Fort-de-France (Martinique),113,0.26595744680851063,94
Delmonico Dorel - Le Pouzin,111,0.3118279569892473,93
Gabriel - Grenay - E-commerce,111,0.3076923076923077,91
Bâti-Colman - Rosbruck,109,0.1935483870967742,93
Boulard Verdier - Pérignat-sur-Allier - E-commerce,108,0.4,95
Provibat - Riorges - E-commerce,108,0.3,90
Crevat - Dagneux,106,0.32558139534883723,86
Dumeil - Brassac-les-Mines - E-commerce,106,0.6266666666666667,75
Lafon - Aurillac,106,0.5753424657534246,73
François Matériaux - Millau - E-commerce,105,0.3595505617977528,89
Weiss - Wasselonne,105,0.29545454545454547,88
Guenée Matériaux - Lecousse,104,0.4927536231884058,69
Labenne Rougier - Langon - E-commerce,104,0.26373626373626374,91
Unibois - Lure - E-commerce,104,0.3013698630136986,73
Millancourt et Nicolas - Gamaches - E-commerce,103,0.5753424657534246,73
Vilvert - Montbrison - E-commerce,103,0.2840909090909091,88
Bouillier Matériaux - Perrigny,102,0.425,80
Labenne Rougier - Pauillac - E-commerce,102,0.3783783783783784,74
Conil - Peyruis - E-commerce,101,0.4155844155844156,77
Jacq - Callac - E-commerce,101,0.2391304347826087,92
Mudry Lombard - Margencel - E-commerce,101,0.43209876543209874,81
Dufrançais - Abrest,100,0.40229885057471265,87
Martinique Matériaux - Lamentin (Martinique),99,0.3013698630136986,73
Viviès - Baie-Mahault (Guadeloupe),99,0.32941176470588235,85
Lesimple - Gétigné - E-commerce,98,0.3855421686746988,83
Millancourt et Nicolas - Friville-Escarbotin - E-commerce,98,0.5454545454545454,77
Pomes Darré - Tournay,98,0.2,90
Derrey - Sainte-Marguerite - E-commerce,97,0.4857142857142857,70
Farel Clavel - LIsle-sur-la-Sorgue - E-commerce,97,0.25882352941176473,85
GCCO - Autun - E-commerce,94,0.3333333333333333,81
MCF - Lapalisse - E-commerce,94,0.5344827586206896,58
Bernard Reymond - Gap,93,0.3508771929824561,57
Lauzin - Valence dAgen - E-commerce,93,0.24358974358974358,78
Sahores - Orthez - E-commerce,93,0.24691358024691357,81
Delmonico Dorel - Montelimar,92,0.3013698630136986,73
Delmonico Dorel - Saint-Vallier,90,0.3116883116883117,77
Marion Matériaux - Limoux,90,0.27631578947368424,76
Brunel - Lunel - E-commerce,89,0.273972602739726,73
Laboissière - Blois,89,0.30666666666666664,75
Saint Paulienne - Rousson,88,0.2972972972972973,74
Feignies - Feignies - E-commerce,86,0.4411764705882353,68
Charbonnier - Chauffailles - E-commerce,85,0.6440677966101694,59
Delmonico Dorel - Pierrelatte - E-commerce,85,0.3382352941176471,68
Lesimple - Pouzauges - E-commerce,85,0.24358974358974358,78
Socramat - La Guerche-de-Bretagne - E-commerce,85,0.3333333333333333,75
François Matériaux - Gaillac - E-commerce,84,0.2876712328767123,73
Brochard - Bourges - E-commerce,83,0.1794871794871795,78
Envain Matériaux - Valenciennes,82,0.4375,64
Matériaux Picards - Nesle - E-commerce,82,0.352112676056338,71
Terral - Lacaune - E-commerce,82,0.25757575757575757,66
Derrey - Longeville-en-Barrois - E-commerce,80,0.4915254237288136,59
François Matériaux - Figeac - E-commerce,80,0.21621621621621623,74
Baffet Matériaux - Brive-la-Gaillarde,79,0.35294117647058826,68
Bray - Brasles,79,0.28125,64
François Matériaux - Marssac-sur-Tarn - E-commerce,79,0.16216216216216217,74
Cazorro Matériaux - Auterive - E-commerce,78,0.25,68
MCF - Bourbon-Lancy - E-commerce,78,0.38461538461538464,52
Mathieu - Audun-le-Roman - E-commerce,78,0.3220338983050847,59
Envain Matériaux - Wallers,76,0.2571428571428571,70
Vilvert - Sainte-Foy-lArgentière - E-commerce,76,0.39285714285714285,56
Bléger - Colmar,75,0.41379310344827586,58
Boulard Verdier - Pontgibaud - E-commerce,75,0.62,50
Matériaux Périgourdins - Coulounieix-Chamiers,75,0.36065573770491804,61
Raynal - Manzat,75,0.32857142857142857,70
François Matériaux - La Primaube - E-commerce,74,0.5081967213114754,61
Lorcamat - Rombas,74,0.22727272727272727,66
Matériaux Lacoste - Maiche,74,0.3050847457627119,59
Spire - Sedan,74,0.2903225806451613,62
Cazorro Matériaux - Carbonne - E-commerce,73,0.3275862068965517,58
Kammerer - Hirsingue,73,0.27692307692307694,65
Labenne Rougier - Arbanats - E-commerce,73,0.20634920634920634,63
Labenne Rougier - Saint-Julien-en-Born - E-commerce,73,0.32786885245901637,61
Henrio - Mellac - E-commerce,71,0.38333333333333336,60
Matériaux Jobert - Villeneuve-sur-Yonne,70,0.3333333333333333,60
Moreau Matériaux - Saint-Varent,70,0.2537313432835821,67
Brochard - Saint-Maur - E-commerce,69,0.3409090909090909,44
Broulard Matériaux - Sourzac - E-commerce,69,0.24193548387096775,62
Flamary - Saint-Priest-de-Gimel,69,0.41509433962264153,53
Suhas Matériaux - Peyrehorade - E-commerce,68,0.3333333333333333,54
Sosaca - Hyères,67,0.2545454545454545,55
Vaxivière - Eymoutiers,67,0.4411764705882353,34
Balagne Matériaux - Calvi - E-commerce,66,0.5121951219512195,41
Envain Matériaux - Lieu-Saint-Amand,66,0.5384615384615384,52
Labenne Rougier - Coutras - E-commerce,66,0.34615384615384615,52
Mercier - Onet-le-Château,66,0.2,60
Derrey - Pulnoy - E-commerce,65,0.37735849056603776,53
Labenne Rougier - Duras - E-commerce,65,0.43137254901960786,51
Avesnes - Avesnelles - E-commerce,64,0.4883720930232558,43
Charbonnier - Génelard,64,0.5882352941176471,51
Derrey - Lunéville - E-commerce,64,0.44680851063829785,47
François Matériaux - Saint-Affrique,64,0.34615384615384615,52
La Frontière - Givet,64,0.37254901960784315,51
Labenne Rougier - Lacanau - E-commerce,64,0.4666666666666667,45
Montagnat - Jardin,64,0.3275862068965517,58
CGB - Nogent-sur-Seine,63,0.40425531914893614,47
François Matériaux - Aubin - E-commerce,62,0.55,40
Labenne Rougier - Lacanau (Bâti) - E-commerce,62,0.5581395348837209,43
Spire - Rozoy-sur-Serre,62,0.15789473684210525,57
Terrasson - Vivonne,62,0.425531914893617,47
Bénatru - Salaise-sur-Sanne,61,0.3137254901960784,51
Cayreyre - Aubenas,61,0.25,48
Périgord Matériaux - Brantôme en Périgord,61,0.5517241379310345,29
SECB - Bellac,61,0.3617021276595745,47
Spire - Sault-lès-Rethel,61,0.3333333333333333,51
Baffet Matériaux - Saint-Pantaléon-de-Larche,60,0.3541666666666667,48
Maisonnier - Bouresse - E-commerce,60,0.37254901960784315,51
Multimat Étain - Étain,60,0.2682926829268293,41
Vallier - Saint-Pierre-en-Faucigny,60,0.42592592592592593,54
Farel Clavel - Remoulins - E-commerce,59,0.5,46
Labenne Rougier - Léon - E-commerce,59,0.29411764705882354,51
Sodimat - Noyon,59,0.3,50
Brochard - Cosne-Cours-sur-Loire - E-commerce,58,0.43243243243243246,37
Cabia Matériaux - Clamecy,58,0.22641509433962265,53
Guenée Matériaux - Mortain,58,0.19230769230769232,52
CGB - Maizières-la-Grande-Paroisse,57,0.35135135135135137,37
Envain Matériaux - Orchies,57,0.4489795918367347,49
François Matériaux - Couffouleux - E-commerce,57,0.3137254901960784,51
Maury - Saint-Médard-dExcideuil - E-commerce,57,0.36363636363636365,44
Favre dAnne - Flumet - E-commerce,56,0.4411764705882353,34
JT Matériaux - Marault - E-commerce,56,0.5217391304347826,46
Stock du Gatinais - Juranville,56,0.3673469387755102,49
Bon et Bosc - Cadours,55,0.17307692307692307,52
Brochard - Vierzon - E-commerce,55,0.1590909090909091,44
D.M.T - La Tremblade,55,0.2857142857142857,49
DBM - Saint-Gilles,55,0.42105263157894735,38
Jacq - Pont-lAbbé - E-commerce,55,0.3404255319148936,47
Larroque - Saint-Michel-Loubéjou,55,0.3409090909090909,44
Rolampont - Rolampont - E-commerce,55,0.3877551020408163,49
Boromat - Ambert - E-commerce,54,0.36585365853658536,41
Farel Clavel - Uzes - E-commerce,54,0.5,44
Manen - Anduze,54,0.34146341463414637,41
Millancourt et Nicolas - Morvillers-Saint-Saturnin - E-commerce,54,0.631578947368421,38
Vialleix  - Bort-les-Orgues,54,0.631578947368421,38
Farel Clavel - Rochefort-du-Gard - E-commerce,52,0.2765957446808511,47
Labenne Rougier - Aiguillon - E-commerce,52,0.3333333333333333,42
Stoker - Ménétreux-le-Pitois - E-commerce,52,0.32432432432432434,37
Tonetti - Aubagne,52,0.41304347826086957,46
Henrio - Plouay - E-commerce,51,0.4,45
Millancourt et Nicolas - Ponts-et-Marais,51,0.5,32
Vallier - Marignier,51,0.5581395348837209,43
Datas - Seissan - E-commerce,50,0.2222222222222222,45
Bléger - Wintzenheim,49,0.3333333333333333,33
CGB - Nangis,49,0.2857142857142857,35
Léger - Villeperdue,49,0.3,40
Stock du Gatinais - Ouzouer-sur-Loire,49,0.32432432432432434,37
Charbonnier - Baudemont - E-commerce,48,0.5714285714285714,35
Derrey - Rambervillers - E-commerce,48,0.5277777777777778,36
Baffet Matériaux - Objat,47,0.48484848484848486,33
Cazorro Matériaux - Martres-Tolosane,47,0.30952380952380953,42
François Matériaux - Espalion - E-commerce,47,0.38461538461538464,26
Guenée Matériaux - Saint-James,47,0.41379310344827586,29
Quissac Matériaux - Quissac,47,0.3157894736842105,38
Derrey - Étival-Clairefontaine - E-commerce,46,0.5365853658536586,41
Durruty Matériaux - Larressore - E-commerce,46,0.35,40
Flamary - Argentat-sur-Dordogne - E-commerce,46,0.5757575757575758,33
Raynal - Gannat,46,0.6111111111111112,36
Sosaca - Saint-Maximin-la-Sainte-Baume,46,0.28888888888888886,45
BRIQUETERIE DARLON - ARLON,45,0.14634146341463414,41
Dufrançais - Courpière,45,0.4482758620689655,29
Balagne Matériaux - LÎle-Rousse - E-commerce,44,0.5,34
Brochard - Belleville-sur-Loire - E-commerce,44,0.46875,32
Brochard - Saint-Amand-Montrond - E-commerce,44,0.4827586206896552,29
Matériaux Bressans - Montrevel-en-Bresse,44,0.2,40
Delmonico Dorel - Rive-de-Gier,43,0.4117647058823529,34
Matériaux Darnand - Marboz,43,0.11627906976744186,43
Bernard Reymond - Puy-Saint-André,42,0.5333333333333333,30
Boulard Verdier - Gerzat - E-commerce,42,0.5357142857142857,28
Gautier Matériaux - Montmoreau-Saint-Cybard,42,0.37142857142857144,35
Datas - Vic-Fezensac,41,0.4838709677419355,31
François Matériaux - Saint-Benoît-de-Carmaux - E-commerce,41,0.2903225806451613,31
Labenne Rougier - La Réole - E-commerce,41,0.3611111111111111,36
Lorcamat - Lemud,41,0.3870967741935484,31
Moreau Matériaux - Châlus - E-commerce,41,0.4782608695652174,23
Derrey - Poussay - E-commerce,40,0.5,26
Labenne Rougier - Miramont-de-Guyenne - E-commerce,40,0.5151515151515151,33
Bonnefoy Pascal - Langogne - E-commerce,39,0.36363636363636365,22
Envain Matériaux - Saint-Amand-les-Eaux,39,0.5172413793103449,29
Vibraye Matériaux - Vibraye - E-commerce,39,0.3235294117647059,34
CGB - Bray-sur-Seine,38,0.4074074074074074,27
Durruty Matériaux - Messanges - E-commerce,38,0.4090909090909091,22
Balagne Matériaux - Corte - E-commerce,37,0.11764705882352941,34
Brico Bâti Leveilleau - Conlie,37,0.3142857142857143,35
Provibat - Charlieu - E-commerce,37,0.2727272727272727,33
Raffort - Passy,37,0.25925925925925924,27
Sodimat - Grandvilliers,37,0.52,25
COMOBE - BARVAUX SUR OURTHE,36,0.25,32
Lorcamat - Koenigsmacker,36,0.25806451612903225,31
MCF - Dompierre-sur-Besbre - E-commerce,36,0.6666666666666666,27
Socomatra - Nouméa,36,0.3333333333333333,27
Sud Ardennes Matériaux -  Vouziers,36,0.25806451612903225,31
Vialleix  - Ussel,36,0.28125,32
Bouchard - Lombez - E-commerce,35,0.3,30
Durruty Matériaux - Bénesse-Maremne - E-commerce,35,0.45454545454545453,33
Lorcamat - Cons-la-Grandville,35,0.3103448275862069,29
Sosaca - Grimaud,35,0.39285714285714285,28
Derrey - Bruyères - E-commerce,34,0.43478260869565216,23
Legrand - Mondoubleau - E-commerce,34,0.42857142857142855,28
Pomes Darré - Lalanne-Trie,34,0.39285714285714285,28
Cayreyre - Lalevade-dArdèche,33,0.35714285714285715,28
MCF - Varennes-sur-Allier - E-commerce,33,0.5714285714285714,28
Maisonnier - LIsle-Jourdain - E-commerce,33,0.39285714285714285,28
Terrasson - Saint-Maurice-la-Clouère,33,0.28125,32
Trullen - Lavaveix-les-Mines,33,0.6666666666666666,18
Artisans du Velay - Brives-Charensac,32,0.4166666666666667,24
CGB - Brienne-le-Château,32,0.6190476190476191,21
Derrey - Vézelise - E-commerce,32,0.4090909090909091,22
Garrigues - Rieupeyroux,32,0.18518518518518517,27
Lorcamat - Sarralbe,32,0.25,32
Sodimat - Attichy,32,0.2962962962962963,27
Sosaca - Draguignan,32,0.125,32
Trullen -  Le Grand-Bourg,32,0.5,24
GBMC - Val de Saône - Arc Lès Gray,31,0.25806451612903225,31
Matériaux Jobert - Charny,31,0.48,25
Sodimat - Formerie,31,0.56,25
Bouillier Matériaux - Cousance,30,0.4090909090909091,22
François Matériaux - Saint-Flour - E-commerce,30,0.375,24
Maraj - Sainte-Marie (La Mare) - E-commerce,30,0.4,25
Marion Matériaux - Quillan,30,0.46153846153846156,26
Pagani Distribution - Saint-Lupicin,30,0.38461538461538464,26
Pomes Darré - Plaisance du Gers,30,0.23076923076923078,26
Vialleix Brico - Bort-les-Orgues - E-commerce,30,0.5416666666666666,24
Bouillier Matériaux - Saint-Amour,29,0.42105263157894735,19
Dufrançais - Cunlhat,29,0.6111111111111112,18
François Matériaux - Saint-Chély-dApcher - E-commerce,29,0.2608695652173913,23
GCCO - Luzy - E-commerce,29,0.6086956521739131,23
Négomat - Villars-les-Dombes,29,0.35,20
Vallier - Viuz-en-Sallaz,29,0.44,25
Guenée Matériaux - Maen Roch,28,0.5,16
MCF - Cosne-dAllier - E-commerce,27,0.34782608695652173,23
Viviès - Gourbeyre (Guadeloupe),27,0.28,25
Bernard Reymond - Embrun,26,0.5625,16
Delmonico Dorel - Le Teil,26,0.45454545454545453,22
GBMC - Val de Saône - Mirebeau sur Bèze,26,0.6666666666666666,15
Peuzin et Cie - Serres,26,0.6111111111111112,18
Bonnefoy Pascal - Saint-André-Capcèze - E-commerce,25,0.3333333333333333,15
Bouillier Matériaux - Bletterans,25,0.3333333333333333,18
Kammerer - Waldighoffen,25,0.7142857142857143,14
Lorcamat - Rohrbach-lès-Bitche,25,0.3684210526315789,19
Martinique Matériaux - Rivière-Salée (Martinique),25,0.47058823529411764,17
Jacq - Bannalec - E-commerce,24,0.3684210526315789,19
Joly - Sagy - E-commerce,24,0.4090909090909091,22
Trullen - Sauviat-sur-Vige,24,0.26666666666666666,15
Anchetti - Sagone,23,0.55,20
Bouillier Matériaux - Orgelet,23,0.38095238095238093,21
Derrey - Ligny-en-Barrois,23,0.3333333333333333,18
François Matériaux - Baraqueville - E-commerce,23,0.4444444444444444,18
Matériaux Maitre - Saint-Trivier-de-Courtes,23,0.2608695652173913,23
SDM - Les Vans,23,0.3888888888888889,18
Bléger - Hilsenheim,22,0.7142857142857143,14
Brochard - Poilly-lez-Gien - E-commerce,22,0.3,20
Comptoir des Matériaux - Bucey-lès-Gy,22,0.5,18
Delmonico Dorel - Saint-Just-dArdèche,22,0.4,20
Fourgeaud - Chasseneuil-sur-Bonnieure,22,0.35294117647058826,17
Bernard Reymond - Chateauvieux,21,0.75,8
CGB - Montier-en-Der,21,0.19047619047619047,21
Matériaux de Maintenon - Hanches,21,0.5294117647058824,17
Pagani Distribution - Port,21,0.3888888888888889,18
Stoker - Bligny-sur-Ouche,21,0.3684210526315789,19
Vallier - Taninges,21,0.3125,16
Bléger - Sélestat,20,0.5,12
Bonnefoy Pascal - Costaros - E-commerce,20,0.5,18
CGB - Bar-sur-Seine,20,0.2631578947368421,19
Pramat - Florac-Trois-Rivières,20,0.3333333333333333,15
Sosaca - Toulon,20,0.35294117647058826,17
Stoker - Pouilly-en-Auxois - E-commerce,20,0.5454545454545454,11
Trullen - Dun-le-Palestel,20,0.4117647058823529,17
Bray - Charly-sur-Marne,19,0.3333333333333333,15
CGB - Châtillon-sur-Seine,19,0.4,10
Charbonnier - Saint-Nizier-dAzergues,19,0.35294117647058826,17
Datas - Masseube,19,0.25,16
Saint Paulienne - Saint-Paul-le-Jeune,19,0.5454545454545454,11
Sosaca - Le luc,19,0.2777777777777778,18
Pomes Darré - Marciac,18,0.2222222222222222,18
Sosaca - La Motte,18,0.3125,16
Périgord Matériaux - Saint-Martial-de-Valette,17,0.6363636363636364,11
Sosaca - Les Arcs,17,0.5625,16
Brochard Couverture - Saint-Germain-du-Puy,16,0.4166666666666667,12
Courby - Les Ollières-sur-Eyrieux,16,0.23076923076923078,13
Farel Clavel - Mazan - E-commerce,16,0.36363636363636365,11
Bonnefoy Pascal - Coucouron - E-commerce,15,0.38461538461538464,13
Cayreyre - Rosières,15,0.3333333333333333,12
Dumeil - Blesle,15,0.6363636363636364,11
Pomes Darré - Castelnau,15,0.13333333333333333,15
Bonnefoy Pascal - Grandrieu - E-commerce,14,0.2857142857142857,14
Carladez Matériaux - Mur-de-Barrez,14,0.9,10
GBMC - Val de Saône - Champlitte,14,0.3076923076923077,13
Périgord Matériaux - Piégut-Pluviers,14,0.38461538461538464,13
Stoker - Saulieu,14,0.875,8
Raynal - Champs,13,0.4444444444444444,9
Périgord Matériaux - Javerlhac,12,0.4,10
Balagne Matériaux - Morosaglia - E-commerce,11,0.42857142857142855,7
GENAPPE MATERIAUX - BAISY THY,11,0.1111111111111111,9
Pierron et Fils - Saint-Maurice-sous-les-Côtes,11,0.2,10
Stoker - Fleurey-sur-Ouche,11,0.18181818181818182,11
CGB - Bar-sur-Aube,10,0.7142857142857143,7
Bernon - Le Collet-de-Dèze,9,1.0,3
Lafon - Maurs,9,0.75,8
Lafon - Vic-sur-Cère,9,0.7142857142857143,7
COLLOT - NANINNE,8,0.3333333333333333,6
Derrey - Abainville,8,1.0,4
Guenée Matériaux - Louvigné-du-Désert,8,0.6666666666666666,6
Manen - Saint-Jean-du-Gard,8,0.625,8
Bianucci Matériaux - Rodilhan,7,0.2857142857142857,7
Cayreyre - Saint-Maurice-dArdèche,7,0.14285714285714285,7
François Matériaux - Laissac-Sévérac lÉglise,6,0.4,5
La Frontière - Fumay,6,0.75,4
Saint-Martin Matériaux - Saint-Martin,6,0.16666666666666666,6
Boromat - Saint-Clément-de-Valorgue - E-commerce,5,0.4,5
Materiaux de la gaume - Saint-Mard,5,0.6666666666666666,3
NEUBAT - ESNEUX,4,0.6666666666666666,3
SCHEEN-BROUHA - AUBEL,4,0.3333333333333333,3
SERON - COMBLAIN AU PONT,4,0.5,2
Sosaca - Taradeau,4,0.0,4
Bianucci Matériaux - Saint-Gervasy,3,0.0,3
KM MATERIAUX - JAHLAY,3,0.5,2
Périgord Matériaux - Quinsac,3,0.0,3
Boromat - Saint-Anthème,2,1.0,1
DEVIERE-DUMONT & FILS - VILLERS-SAINT-GHISLAIN,2,0.0,2
ROBIJNS & FILS - PETIT-ENGHIEN,2,0.0,2
THEISSEN - RECHT,2,0.0,2
Cayreyre - Pont-de-Labeaume,1,0.0,1
Favre d&#039;Anne - Faverges - E-commerce,1,0.0,1
Labenne Rougier - Villenave-d&#039;Ornon - E-commerce,1,1.0,1
VANTRIMPONT - SAINT GHISLAIN,1,0.0,1
